Record Id;Nombre de Oportunidad;Sublínea;Familia de producto; VALORUSD 
4592454000219570000;1ER DESPACHO SOP Y SMG;SUR MEDIO AGRO;SULFATO DE POTASIO SOLUBLE; 16,805,880 
4592454000219570000;1ER DESPACHO SOP Y SMG;SUR MEDIO AGRO;SULFATO DE MAGNESIO HEPTA; 6,600,000 
4592454000184390000;FOSFATO DICALCICO;Feed;FOSFATO DICALCICO 18%; 6,100,000 
4592454000236950000;COTIZACION DICIEMBRE2024;NORTE MEDIO AGRO;SULFATO DE POTASIO SOLUBLE; 5,676,000 
4592454000422220000;LIC DIC HLM;SUR MEDIO AGRO;FOSFATO MONOAMONICO SOLUBLE; 4,125,000 
4592454000221840000;COTIZACION SULFATO DE POTASIO;NORTE MEDIO AGRO;SULFATO DE POTASIO SOLUBLE; 672,000 
4592454000275740000;PROYECTO - LECITINA DE SOYA;Food;LECITINA DE SOYA; 625,000 
4592454000422220000;LIC DIC HLM;SUR MEDIO AGRO;NITRATO DE CALCIO GRANULAR; 544,000 
4592454000422220000;LIC DIC HLM;SUR MEDIO AGRO;SULFATO DE MAGNESIO HEPTA; 500,000 
4592454000236950000;COTIZACION DICIEMBRE2024;NORTE MEDIO AGRO;SULFATO DE MAGNESIO HEPTA; 432,000 
4592454000299450000;COT OCTUBRE PEDREGAL;SUR MEDIO AGRO;SULFATO DE POTASIO SOLUBLE; 413,100 
4592454000215210000;SODA CAUATICA - SET24 - 500TM;Químicos;SODA CAUSTICA ESCAMAS; 400,000 
4592454000216570000;LICITACION FERTILIZANTES OCT - DIC 2024;NORTE MEDIO AGRO;NITRATO DE CALCIO SOLUBLE; 245,700 
4592454000203150000;LICITACIÓN AMINOACIDOS JUL - AGO - SET 2024;Feed;LISINA SULFATO; 244,350 
4592454000203150000;LICITACIÓN AMINOACIDOS JUL - AGO - SET 2024;Feed;L TRIPTOFANO; 237,360 
4592454000256840000;Licitación 2025 2°trim - SAFRESCO (Chincha);SUR CHICO AGRO;SULFATO DE POTASIO SOLUBLE; 230,100 
4592454000433040000;COTIZACION FERTILIZANTES 2026;NORTE MEDIO AGRO;SULFATO DE POTASIO SOLUBLE; 228,165 
4592454000203150000;LICITACIÓN AMINOACIDOS JUL - AGO - SET 2024;Feed;ISOLEUCINA; 211,200 
4592454000224920000;LECHE DESCREMADA| FEBRERO Y MARZO 2025;Food;LECHE DESCREMADA; 198,000 
4592454000249930000;SAL REFINADA - MAYO- 1000TM - A & H TRADING S.R.L.;Textil;SAL REFINADA; 195,850 
4592454000231190000;COTIZACION MAP - AC FOSFORICO;NORTE MEDIO AGRO;FOSFATO MONOAMONICO SOLUBLE; 180,000 
4592454000231590000;Lisina HCL-DIC 24;Feed;LISINA HCL; 168,000 
4592454000219750000;COTIZACION OCTUBRE;SUR MEDIO AGRO;SULFATO DE POTASIO SOLUBLE; 160,740 
4592454000178430000;SULFATO DE COBALTO - 20TM - ABR24;Químicos;OTROS; 140,000 
4592454000208510000;SULFATO DE COBALTO - 25TM - AGO24;Químicos;OTROS; 137,500 
4592454000256840000;Licitación 2025 2°trim - SAFRESCO (Chincha);SUR CHICO AGRO;SULFATO DE MAGNESIO HEPTA; 130,800 
4592454000447680000;COTIZACION AC. FOSFORICO MARZO 2026;NORTE MEDIO AGRO;ACIDO FOSFORICO TG; 126,000 
4592454000203150000;LICITACIÓN AMINOACIDOS JUL - AGO - SET 2024;Feed;TREONINA; 124,500 
4592454000295300000;LPD 2026;Food;LECHE DESCREMADA; 124,000 
4592454000294360000;LPD NON FAT - NOV 2025;Food;LECHE DESCREMADA; 123,200 
4592454000427440000;COTIZACION FERTILIZ. ENERO 2026;NORTE MEDIO AGRO;NITRATO DE POTASIO SOLUBLE; 117,215 
4592454000256210000;Licitación Abr. May. Jun. - FRUCHINCHA;SUR CHICO AGRO;NITRATO DE POTASIO SOLUBLE; 108,368 
4592454000433040000;COTIZACION FERTILIZANTES 2026;NORTE MEDIO AGRO;NITRATO DE CALCIO SOLUBLE; 106,930 
4592454000163460000;ACIDO ACETICO GLACIAL FG (OCT - DIC 24) - 76TM;Food;ACIDO ACETICO FG; 98,800 
4592454000300350000;KEDA / SUNDA - SPECKLESS - 252 TM;HPC y Vidrios;SPECKLES / BENTONITAS; 94,714 
4592454000203150000;LICITACIÓN AMINOACIDOS JUL - AGO - SET 2024;Feed;BICARBONATO DE SODIO; 94,500 
4592454000220250000;LICITACION FDO LA ESPERANZA;SUR MEDIO AGRO;NITRATO DE POTASIO SOLUBLE; 91,665 
4592454000242740000;SAL REFINADA - ABRIL- 470TM - A & H TRADING S.R.L.;Textil;SAL REFINADA; 88,102 
4592454000170140000;NITRATO DE POTASIO - MARZ ABRIL 24;NORTE GRANDE AGRO;NITRATO DE POTASIO SOLUBLE; 87,500 
4592454000182060000;Ác. Fosfórico - Lic. AGRICOLA COPACABANA;CENTRO;ACIDO FOSFORICO FG; 87,425 
4592454000238380000;Req. Enero - AGRÍCOLA COPACABANA DE CHINCHA;SUR CHICO AGRO;SULFATO DE POTASIO SOLUBLE; 81,000 
4592454000203150000;LICITACIÓN AMINOACIDOS JUL - AGO - SET 2024;Feed;ARGININA; 79,500 
4592454000223730000;COTIZACION SULFATO DE POTASIO;NORTE MEDIO AGRO;SULFATO DE POTASIO SOLUBLE; 75,600 
4592454000283040000;MAGROPLEX;SUR MEDIO AGRO;NPK GRANULADO; 75,600 
4592454000218210000;Cotización Octubre;SUR GRANDE AGRO;SULFATO DE MAGNESIO HEPTA; 75,000 
4592454000213780000;Requerimiento de fertilizante NITRATO DE CALCIO SOL.;NORTE MEDIO AGRO;NITRATO DE CALCIO SOLUBLE; 72,000 
4592454000301350000;REQ. SMG 240TN;SUR MEDIO AGRO;SULFATO DE MAGNESIO HEPTA; 70,080 
4592454000294170000;LPD OCT-NOV 2025;Food;LECHE DESCREMADA; 70,000 
4592454000433040000;COTIZACION FERTILIZANTES 2026;NORTE MEDIO AGRO;SULFATO DE MAGNESIO HEPTA; 66,120 
4592454000240210000;SOLUMAX 07-12-40 - Beta (Chincha);SUR CHICO AGRO;NITRATO DE POTASIO SOLUBLE; 66,000 
4592454000199050000;Etoxiquina CHI 2024-II;Pesca;ETOXIQUINA LIQUIDA; 66,000 
4592454000427380000;COTIZACION FERTILIZANTES ENERO 2026;NORTE MEDIO AGRO;ACIDO FOSFORICO TG; 65,000 
4592454000256210000;Licitación Abr. May. Jun. - FRUCHINCHA;SUR CHICO AGRO;SULFATO DE POTASIO SOLUBLE; 64,253 
4592454000215380000;Etoxiquina CHI 2024-II SUR;Pesca;ETOXIQUINA LIQUIDA; 63,800 
4592454000265510000;NF JUNIO -2025;Food;LECHE DESCREMADA; 63,000 
4592454000219750000;COTIZACION OCTUBRE;SUR MEDIO AGRO;NITRATO DE CALCIO SOLUBLE; 62,550 
4592454000172380000;LECCHE DESCREMADA;Food;LECHE DESCREMADA; 62,000 
4592454000174430000;LECCHE DESCREMADA;Food;LECHE DESCREMADA; 61,000 
4592454000211080000;LECHE DESCREMADA - OCTUBRE;Food;LECHE DESCREMADA; 60,000 
4592454000188180000;LECHE DESCREMADA - PROYECTO;Food;LECHE DESCREMADA; 60,000 
4592454000292850000;COT. SETIEMBRE LABRADOR;SUR MEDIO AGRO;NITRATO DE AMONIO; 57,630 
4592454000433040000;COTIZACION FERTILIZANTES 2026;NORTE MEDIO AGRO;FOSFATO MONOAMONICO SOLUBLE; 57,500 
4592454000208520000;NITRATO DE POTASIO;NORTE MEDIO AGRO;NITRATO DE POTASIO SOLUBLE; 56,626 
4592454000199960000;INSUMOS VARIOS;Food;ACIDO CITRICO; 55,366 
4592454000284170000;Sulfato de Potasio Bimestral;SUR GRANDE AGRO;SULFATO DE POTASIO SOLUBLE; 54,600 
4592454000203150000;LICITACIÓN AMINOACIDOS JUL - AGO - SET 2024;Feed;VALINA; 54,280 
4592454000219750000;COTIZACION OCTUBRE;SUR MEDIO AGRO;FOSFATO MONOPOTASICO; 54,080 
4592454000180870000;Req. MAP-DAP - ITAGRO;CENTRO;FOSFATO MONOAMONICO GRANULADO; 54,000 
4592454000198560000;BICARBONATO DE SODIO 60 TM SETIEMBRE;Feed;BICARBONATO DE SODIO; 53,400 
4592454000238380000;Req. Enero - AGRÍCOLA COPACABANA DE CHINCHA;SUR CHICO AGRO;NITRATO DE POTASIO SOLUBLE; 53,000 
4592454000217160000;Licitación fertilizantes OCT-DIC 24;NORTE MEDIO AGRO;NITRATO DE CALCIO SOLUBLE; 52,280 
4592454000218210000;Cotización Octubre;SUR GRANDE AGRO;SULFATO DE POTASIO SOLUBLE; 51,600 
4592454000211670000;DAIRY FARMERS OF AMERICA - OCTUBRE;Food;LECHE ENTERA; 51,000 
4592454000186430000;KCl - JUNIO - GTM;CENTRO;CLORURO DE POTASIO ESTANDAR; 51,000 
4592454000426070000;(EXPORTACIÓN) METSBISULFITO DE SODIO - 81 TM - DICIEMBRE - MANUCHAR COLOMBIA CIA. S.A.S.;Químicos;METABISULFITO DE SODIO; 50,524 
4592454000292850000;COT. SETIEMBRE LABRADOR;SUR MEDIO AGRO;SULFATO DE POTASIO SOLUBLE; 50,064 
4592454000270090000;ROTACION DE MINERALES - MAYP25 - 25 TM - SOLDEX SA;Químicos;MINERALES; 50,000 
4592454000428270000;COTIZACION 60TM SOP - ENERO 2026;NORTE MEDIO AGRO;SULFATO DE POTASIO SOLUBLE; 48,300 
4592454000256840000;Licitación 2025 2°trim - SAFRESCO (Chincha);SUR CHICO AGRO;NITRATO DE CALCIO SOLUBLE; 47,328 
4592454000200430000;LECHE ENTERA;Food;LECHE ENTERA; 47,000 
4592454000163500000;ACIDO CITRICO;Food;ACIDO CITRICO; 46,500 
4592454000292850000;COT. SETIEMBRE LABRADOR;SUR MEDIO AGRO;NITRATO DE POTASIO SOLUBLE; 46,258 
4592454000179000000;LECHE DESCREMADA;Food;LECHE DESCREMADA; 45,750 
4592454000167880000;MIX SOLUBLES;CENTRO;SULFATO DE POTASIO SOLUBLE; 42,750 
4592454000449260000;LECHE DESCREMADA SPOT MARZO 10 TM;Food;LECHE DESCREMADA; 42,500 
4592454000207490000;BICARBONATO SET-OCT;Feed;BICARBONATO DE SODIO; 42,500 
4592454000220250000;LICITACION FDO LA ESPERANZA;SUR MEDIO AGRO;NITRATO DE MAGNESIO; 41,581 
4592454000213750000;requerimiento setiembre;CENTRO;NITRATO DE POTASIO SOLUBLE; 40,700 
4592454000295260000;30 TN - ACIDO FOSFORICO;NORTE GRANDE AGRO;ACIDO FOSFORICO FG; 40,500 
4592454000221990000;cotizacion noviembre;SUR MEDIO AGRO;NITRATO DE POTASIO SOLUBLE; 39,600 
4592454000228510000;METABISULFITO 60 TM;Food;METABISULFITO DE SODIO; 38,400 
4592454000238760000;LECHE DESCREMADA | FEBRERO 2025;Food;LECHE DESCREMADA; 38,000 
4592454000226380000;cotizacion 2 semestre;SUR MEDIO AGRO;SULFATO DE POTASIO SOLUBLE; 37,840 
4592454000209050000;ATENCIÓN MAP - SMG | SEPTIEMBRE;SUR GRANDE AGRO;FOSFATO MONOAMONICO SOLUBLE; 37,760 
4592454000200430000;LECHE ENTERA;Food;LECHE ENTERA; 37,600 
4592454000263290000;REQ. ICA 004-006 (mayo-jun);SUR MEDIO AGRO;FOSFATO MONOPOTASICO; 36,800 
4592454000202770000;ATENCIÓN SOLUBLES JULIO;SUR GRANDE AGRO;FOSFATO MONOAMONICO SOLUBLE; 36,600 
4592454000220250000;LICITACION FDO LA ESPERANZA;SUR MEDIO AGRO;ACIDO FOSFORICO FG; 35,550 
4592454000228680000;MALTODEXTRINA DICIEMBRE- MARZO;Food;MALTODEXTRINA; 35,550 
4592454000220250000;LICITACION FDO LA ESPERANZA;SUR MEDIO AGRO;NITRATO DE AMONIO; 35,325 
4592454000211340000;MALTODEXTRINA HEBEI SEPT- NOV;Food;MALTODEXTRINA; 35,100 
4592454000448510000;COTIZACION FERTILIZANTES MARZO 2026;NORTE MEDIO AGRO;NITRATO DE POTASIO SOLUBLE; 34,880 
4592454000232280000;Nitrato de calcio;SUR GRANDE AGRO;NITRATO DE CALCIO SOLUBLE; 33,600 
4592454000224950000;HIDROXIDO DE ALUMINIO - MASTER BUILDERS;Otros OLO;HIDROXIDO DE ALUMINIO; 33,200 
4592454000172990000;MIX PROD. MARZO - OLIVOS DE VILLACURÍ;SUR MEDIO AGRO;NITRATO DE MAGNESIO; 32,900 
4592454000215360000;LECHE DESCREMADA 20 TM;Food;LECHE DESCREMADA; 32,200 
4592454000225300000;ETOXIQUINA 95 Distribuidor;Pesca;ETOXIQUINA LIQUIDA; 32,000 
4592454000449260000;LECHE DESCREMADA 300 SACOS;Food;LECHE DESCREMADA; 31,875 
4592454000294370000;LECHE DESCREMADA SET- 10 TM;Food;LECHE DESCREMADA; 31,500 
4592454000300360000;COLAGENO 4 TM;Food;COLAGENO HIDROLIZADO; 31,200 
4592454000209180000;Consumo mensual - Pamajosa;NORTE CHICO AGRO;NITRATO DE POTASIO SOLUBLE; 31,050 
4592454000211080000;LECHE ENTERA (NEDGOLD) - OCTUBRE;Food;LECHE ENTERA; 30,000 
4592454000197910000;LECHE DESCREMADA - PROYECTO;Food;LECHE DESCREMADA; 30,000 
4592454000226380000;cotizacion 2 semestre;SUR MEDIO AGRO;NITRATO DE POTASIO SOLUBLE; 29,975 
4592454000449260000;LECHE DESCREMADA 7 TM;Food;LECHE DESCREMADA; 29,750 
4592454000292010000;cotizacion extra agosto;SUR MEDIO AGRO;NITRATO DE POTASIO SOLUBLE; 29,290 
4592454000164220000;SAL REFINADA PDV;Textil;SAL REFINADA; 29,250 
4592454000338210000;GELATINA 5 TM - 2026 - R.C.;Food;GELATINA 280; 29,000 
4592454000293420000;PROTEINA AISLADA - 12 TM - SEP;Food;PROTEINA AISLADA DE SOYA; 28,800 
4592454000218210000;Cotización Octubre;SUR GRANDE AGRO;NITRATO DE CALCIO SOLUBLE; 28,800 
4592454000449130000;npk 19.;CENTRO;NPK SOLUBLE; 27,200 
4592454000288810000;Campaña 2025 - 3 -AGR. WIDOK;SUR CHICO AGRO;NITRATO DE POTASIO SOLUBLE; 27,030 
4592454000170360000;ACIDO CITRICO LICITACION;Food;ACIDO CITRICO; 27,000 
4592454000220340000;COTIZACION SULFATO DE POTASIO;NORTE MEDIO AGRO;SULFATO DE POTASIO SOLUBLE; 26,880 
4592454000179540000;AMINOACIDOS ABRIL-MAYO;Feed;ISOLEUCINA; 26,700 
4592454000270110000;NOP MAGROPLEX;SUR CHICO AGRO;NPK GRANULADO; 26,240 
4592454000251770000;CITRATO DE SODIO | FEBRERO 2025;Food;CITRATO DE SODIO; 26,100 
4592454000268310000;re1 0005 - agrilor;SUR MEDIO AGRO;ACIDO FOSFORICO FG; 26,000 
4592454000284170000;F Monoamónico;SUR GRANDE AGRO;FOSFATO MONOAMONICO SOLUBLE; 26,000 
4592454000228160000;COTIZACION DE SMG;SUR MEDIO AGRO;SULFATO DE MAGNESIO HEPTA; 26,000 
4592454000222010000;COTIZACION DE MAP;SUR MEDIO AGRO;FOSFATO MONOAMONICO SOLUBLE; 26,000 
4592454000179540000;AMINOACIDOS ABRIL-MAYO;Feed;ARGININA; 25,975 
4592454000434450000;NPK - 12.12.17;SUR CHICO AGRO;NPK GRANULADO; 25,800 
4592454000261470000;Magroplex - INKAS FERTILIZANTES;SUR CHICO AGRO;NPK GRANULADO; 25,500 
4592454000224130000;Cotización de fertilizantes noviembre- diciembre;NORTE MEDIO AGRO;SULFATO DE POTASIO SOLUBLE; 25,500 
4592454000433870000;SOLUBLES - FEBRERO / ABRIL;CENTRO;SULFATO DE POTASIO SOLUBLE; 24,600 
4592454000256210000;Licitación Abr. May. Jun. - FRUCHINCHA;SUR CHICO AGRO;SULFATO DE MAGNESIO HEPTA; 24,497 
4592454000428270000;COTIZACION 30TM SOP - ENERO 2026;NORTE MEDIO AGRO;SULFATO DE POTASIO SOLUBLE; 24,150 
4592454000428820000;COTIZACION FERT. ENERO 2026;NORTE MEDIO AGRO;SULFATO DE POTASIO SOLUBLE; 24,150 
4592454000163280000;SAD - ENE24 - 45TM;Químicos;CARBONATO DE SODIO DENSO; 23,400 
4592454000292770000;Cot SOP - Septiembre;NORTE GRANDE AGRO;SULFATO DE POTASIO SOLUBLE; 23,340 
4592454000219750000;COTIZACION OCTUBRE;SUR MEDIO AGRO;SULFATO DE POTASIO SOLUBLE; 23,184 
4592454000209410000;Agr. la Candelaria - SEPT - DIC;NORTE CHICO AGRO;SULFATO DE POTASIO SOLUBLE; 22,875 
4592454000209410000;Agr. la Candelaria - SEPT - DIC;NORTE CHICO AGRO;FOSFATO MONOAMONICO SOLUBLE; 22,800 
4592454000300910000;GELATINA 280 - ENE - R.C.;Food;GELATINA 280; 22,800 
4592454000185040000;GELATINA - MAYO;Food;GELATINA 280; 22,750 
4592454000210660000;5300-YE_AGOSTO_MEQUIM;Equipos;EQUIPOS DE ALMACENAMIENTO; 22,680 
4592454000210660000;5300-YE_AGOSTO_SISSO;Equipos;EQUIPOS DE ALMACENAMIENTO; 22,680 
4592454000228150000;ASCORBATO DE SODIO - PROYECTO;Food;ACIDO ASCORBICO; 22,000 
4592454000172400000;LECHE ENTERA;Food;LECHE ENTERA; 21,500 
4592454000237050000;COTIZACION DE SAM;SUR MEDIO AGRO;SULFATO DE AMONIO ESTANDAR; 21,390 
4592454000220250000;LICITACION FDO LA ESPERANZA;SUR MEDIO AGRO;SULFATO DE ZINC; 21,294 
4592454000449260000;LECHE DESCREMA 4 TM;Food;LECHE DESCREMADA; 21,250 
4592454000200530000;leche entera;Food;LECHE ENTERA; 21,000 
4592454000229630000;META - NOV24- 60TM;Químicos;METABISULFITO DE SODIO; 20,970 
4592454000159980000;KLUBERSYNTH GH 6-460_ENE_TK ELEVADORES;Kluber Liviano;KL OTROS; 20,900 
4592454000213680000;NITRATO DE POTASIO - NITRATO DE MAGNESIO SEPT;NORTE CHICO AGRO;NITRATO DE POTASIO SOLUBLE; 20,800 
4592454000220950000;5300-YE_OCTUBRE_MDM SUPPLY;Equipos;EQUIPOS DE ALMACENAMIENTO; 20,250 
4592454000201900000;SOLUBLES JULIO SUIZA FOOD;SUR MEDIO AGRO;SULFATO DE POTASIO SOLUBLE; 20,240 
4592454000228160000;COTIZACION NOVIEMBRE;SUR MEDIO AGRO;NITRATO DE CALCIO SOLUBLE; 19,800 
4592454000231190000;COTIZACION MAP - AC FOSFORICO;NORTE MEDIO AGRO;ACIDO FOSFORICO TG; 19,800 
4592454000220250000;LICITACION FDO LA ESPERANZA;SUR MEDIO AGRO;SULFATO DE POTASIO SOLUBLE; 19,790 
4592454000220250000;LICITACION FDO LA ESPERANZA;SUR MEDIO AGRO;NITRATO DE CALCIO SOLUBLE; 19,673 
4592454000263290000;REQ. ICA 004-006 (mayo-jun);SUR MEDIO AGRO;NITRATO DE CALCIO SOLUBLE; 19,556 
4592454000240640000;COTIZACION ENERO 2;SUR MEDIO AGRO;SULFATO DE AMONIO ESTANDAR; 19,200 
4592454000427440000;COTIZACION FERTILIZ. ENERO 2026;NORTE MEDIO AGRO;NITRATO DE CALCIO SOLUBLE; 18,900 
4592454000200430000;LECHE ENTERA;Food;LECHE ENTERA; 18,800 
4592454000269600000;NITRATO DE MG | AGROINCA;SUR GRANDE AGRO;NITRATO DE MAGNESIO; 18,800 
4592454000275330000;Licitacion anual;SUR MEDIO AGRO;SULFATO DE POTASIO SOLUBLE; 18,693 
4592454000224130000;Cotización de fertilizantes noviembre- diciembre;NORTE MEDIO AGRO;NITRATO DE CALCIO SOLUBLE; 18,400 
4592454000225000000;cotizacion noviembre;SUR MEDIO AGRO;FOSFATO MONOAMONICO SOLUBLE; 18,200 
4592454000230340000;COTIZACION DE NAM Y NMG;SUR MEDIO AGRO;NITRATO DE MAGNESIO; 18,150 
4592454000256210000;ACIDO CITRICO ENSIGN 20 TM;Food;ACIDO CITRICO; 18,000 
4592454000183320000;AC. CITRICO RZBC;Food;ACIDO CITRICO; 18,000 
4592454000275330000;Licitacion anual;SUR MEDIO AGRO;SULFATO DE POTASIO SOLUBLE; 17,833 
4592454000208460000;LECHE DESCREMADA 6TN;Food;LECHE DESCREMADA; 17,820 
4592454000275330000;Licitacion anual;SUR MEDIO AGRO;SULFATO DE POTASIO SOLUBLE; 17,612 
4592454000210850000;Propuesta- CYNARA;SUR CHICO AGRO;NPK GRANULADO; 17,500 
4592454000436040000;GELATINA (Gelnex ) - ABRIL 2026 - CNCH;Food;GELATINA 280; 17,400 
4592454000291940000;COTIZACION AGOSTO;SUR MEDIO AGRO;SULFATO DE POTASIO GRANULAR; 17,355 
4592454000197880000;SOLUBLES SGM 81.875 TM;SUR MEDIO AGRO;SULFATO DE MAGNESIO HEPTA; 17,194 
4592454000205550000;SAL REFINADA - SEPTIEMBRE24- 90TM - 190/TM - A & H TRADING S.R.L.;Textil;SAL REFINADA; 17,100 
4592454000205550000;SAL REFINADA - OCTUBRE24- 90TM - 190/TM - A & H TRADING S.R.L.;Textil;SAL REFINADA; 17,100 
4592454000205550000;SAL REFINADA - NOVIEMBRE24- 90TM - 190/TM - A & H TRADING S.R.L.;Textil;SAL REFINADA; 17,100 
4592454000230340000;COTIZACION DE NAM Y NMG;SUR MEDIO AGRO;NITRATO DE AMONIO; 16,960 
4592454000226380000;cotizacion noviembre;SUR MEDIO AGRO;SULFATO DE POTASIO SOLUBLE; 16,940 
4592454000180480000;GELATINA BLOOM 280;Food;GELATINA 280; 16,800 
4592454000282110000;20 TN - PEROXIDO DE HIDROGENO 50%;NORTE GRANDE AGRO;PEROXIDO DE HIDROGENO 50%; 16,700 
4592454000228820000;COTIZACION DICIEMBRE-ENERO;SUR MEDIO AGRO;NITRATO DE POTASIO SOLUBLE; 16,500 
4592454000200740000;OXIDO DE MAGNESIO 120 TM;Feed;OXIDO DE MAGNESIO; 16,425 
4592454000284610000;Previsión SMG MONO- CYNARA;SUR CHICO AGRO;SULFATO DE MAGNESIO MONO; 16,200 
4592454000219750000;COTIZACION OCTUBRE;SUR MEDIO AGRO;SULFATO DE AMONIO ESTANDAR; 16,095 
4592454000243090000;ALMIDON DE MAIZ;Food;ALMIDON DE MAIZ; 16,000 
4592454000294950000;REQ ESPECIALIDADES;SUR MEDIO AGRO;NPK SOLUBLE; 16,000 
4592454000187500000;SODA CAUSTICAS PERLAS;Food;SODA CAUSTICA PERLAS; 16,000 
4592454000294950000;REQ MONASTERIO ESPECIALIDADES;SUR MEDIO AGRO;NPK SOLUBLE; 16,000 
4592454000226380000;cotizacion noviembre;SUR MEDIO AGRO;NITRATO DE AMONIO; 15,900 
4592454000225000000;cotizacion noviembre;SUR MEDIO AGRO;NITRATO DE MAGNESIO; 15,840 
4592454000294370000;LECHE DESCREMADA 5 TM SET;Food;LECHE DESCREMADA; 15,800 
4592454000293910000;LECHE DESCREMADA 5 TM;Food;LECHE DESCREMADA; 15,800 
4592454000229630000;META - NOV24- 60TM;Químicos;METABISULFITO DE SODIO; 15,750 
4592454000174920000;LECHE DESCREMADA;Food;LECHE DESCREMADA; 15,500 
4592454000175200000;LECHE DESCREMADA MAR 24 - 5 TM;Food;LECHE DESCREMADA; 15,500 
4592454000424700000;COLÁGENO - ENE - FEB - 2026 - FT;Food;COLAGENO HIDROLIZADO; 15,400 
4592454000183470000;OXIDO DE MAGNESIO FEED;Feed;OXIDO DE MAGNESIO; 15,300 
4592454000206580000;SOLUBLES - AGOSTO;CENTRO;CLORURO DE POTASIO ESTANDAR; 15,300 
4592454000226380000;cotizacion 2 semestre;SUR MEDIO AGRO;NITRATO DE CALCIO GRANULAR; 15,145 
4592454000179540000;MAGROPLEX - ABRIL - POBERRIES;CENTRO;NPK GRANULADO; 15,130 
4592454000201510000;Req. Julio - Vector Agriculture;SUR CHICO AGRO;FOSFATO MONOAMONICO SOLUBLE; 15,000 
4592454000225890000;Req. Recoge - TESLA TEC;SUR CHICO AGRO;SULFATO DE AMONIO ESTANDAR; 14,820 
4592454000207490000;BICABORNATO NOV-DIC;Feed;BICARBONATO DE SODIO; 14,700 
4592454000160750000;OXIDO DE MAGNESIO ENERO-FEB-MARZO;Feed;OXIDO DE MAGNESIO; 14,700 
4592454000292010000;cotizacion extra agosto;SUR MEDIO AGRO;SULFATO DE POTASIO SOLUBLE; 14,110 
4592454000294950000;COT SETIEMBRE;SUR MEDIO AGRO;SULFATO DE POTASIO SOLUBLE; 14,110 
4592454000219750000;COTIZACION OCTUBRE;SUR MEDIO AGRO;SULFATO DE MAGNESIO HEPTA; 13,846 
4592454000259570000;Req.Abril. - Agr. Santa Lucía/Doña Luisa;SUR CHICO AGRO;NITRATO DE POTASIO SOLUBLE; 13,780 
4592454000183420000;Oxido de magnesio 35 TM;Feed;OXIDO DE MAGNESIO; 13,650 
4592454000231630000;leche descremada;Food;LECHE DESCREMADA; 13,650 
4592454000187060000;BICARBONATO DE SODIO - 2024;Food;BICARBONATO DE SODIO; 13,500 
4592454000213750000;requerimiento setiembre;CENTRO;ACIDO FOSFORICO FG; 13,500 
4592454000229720000;cotizacion noviembre - NICA;SUR MEDIO AGRO;NITRATO DE CALCIO SOLUBLE; 13,400 
4592454000220010000;COTIZACION SULFATO DE MAGNESIO;NORTE MEDIO AGRO;SULFATO DE MAGNESIO HEPTA; 13,200 
4592454000225000000;cotizacion de NMG;SUR MEDIO AGRO;NITRATO DE MAGNESIO; 13,200 
4592454000207420000;Bicarbonato sodio SET-OCT;Feed;BICARBONATO DE SODIO; 13,050 
4592454000252860000;Req. FEB II. - Agr. Santa Lucía/Doña Luisa;SUR CHICO AGRO;NITRATO DE POTASIO SOLUBLE; 13,038 
4592454000284240000;F Monoamónico;SUR GRANDE AGRO;FOSFATO MONOAMONICO SOLUBLE; 13,000 
4592454000215550000;REQUERIMIENTO DE SOLUBLES OCTUBRE;SUR MEDIO AGRO;FOSFATO MONOAMONICO SOLUBLE; 13,000 
4592454000449260000;LECHE DESCREMDA 3 TM;Food;LECHE DESCREMADA; 12,900 
4592454000223340000;Req Nov-Dic - SAFRESCO (Chincha);SUR CHICO AGRO;NITRATO DE CALCIO SOLUBLE; 12,750 
4592454000183100000;LECHE ENTERA;Food;LECHE ENTERA; 12,750 
4592454000281090000;MAGROPLEX Junio - AGROMIN;SUR CHICO AGRO;NPK GRANULADO; 12,750 
4592454000170360000;ACIDO ASCORBICO;Food;ACIDO ASCORBICO; 12,750 
4592454000220340000;COTIZACION SOP // SULFATO DE MAGNESIO;NORTE MEDIO AGRO;SULFATO DE POTASIO SOLUBLE; 12,750 
4592454000449260000;LECHE DESCREMADA 3 TM;Food;LECHE DESCREMADA; 12,750 
4592454000288810000;Campaña 2025 - 3 -AGR. WIDOK;SUR CHICO AGRO;MICRONUTRIENTES; 12,750 
4592454000294370000;LECHE DESCREMADA SET 4TM;Food;LECHE DESCREMADA; 12,640 
4592454000293300000;COT. SETIEMBRE LARAN;SUR CHICO AGRO;NITRATO DE CALCIO SOLUBLE; 12,600 
4592454000213750000;requerimiento setiembre;CENTRO;NITRATO DE CALCIO SOLUBLE; 12,540 
4592454000275330000;Licitacion anual;SUR MEDIO AGRO;SULFATO DE POTASIO SOLUBLE; 12,504 
4592454000211130000;BICARBONATO DE SODIO 2.5 TM MALAN SEPTIEMBRE;Food;BICARBONATO DE SODIO; 12,500 
4592454000223340000;Req Nov-Dic - SAFRESCO (Chincha);SUR CHICO AGRO;NITRATO DE MAGNESIO; 12,450 
4592454000297850000;METABISULFITO - NOVIEMBRE - 30TM - $518 - PRODUCTOS Y SERVICIOS PARA LA INDUSTRIA S.A.C.;Químicos;METABISULFITO DE SODIO; 12,432 
4592454000238760000;POLIDEXTROSA | MARZO 2025;Food;POLIDEXTROSA; 12,400 
4592454000283540000;Requerimiento 007- 008;SUR MEDIO AGRO;NITRATO DE MAGNESIO; 12,390 
4592454000226380000;cotizacion noviembre;SUR MEDIO AGRO;SULFATO DE MAGNESIO HEPTA; 12,325 
4592454000226960000;COTIZACION NOVIEMBRE;SUR MEDIO AGRO;NITRATO DE CALCIO SOLUBLE; 12,276 
4592454000170390000;METABISULFITO - MAR24 - 24TM - 510/TM - PRODUCTOS Y SERVICIOS PARA LA INDUSTRIA S.A.C.;Químicos;METABISULFITO DE SODIO; 12,240 
4592454000163230000;KLUBEROIL 4 UH1-460 N (1 ENVASE = 20 LTS);Kluber Liviano;KL ALIMENT Y BEBID; 12,180 
4592454000424040000;SULFATO DE ALUMINIO - DICIEMBRE - 26 TM - ARIS INDUSTRIAL S.A.;Químicos;SULFATO DE ALUMINIO; 12,032 
4592454000426760000;COTIZACION 20TMSOLUMAX 15.45.10;NORTE MEDIO AGRO;NPK SOLUBLE; 12,000 
4592454000211130000;LECHE DESCREMADA 4 TM;Food;LECHE DESCREMADA; 11,880 
4592454000238380000;Req. Enero - AGRÍCOLA COPACABANA DE CHINCHA;SUR CHICO AGRO;SULFATO DE MAGNESIO HEPTA; 11,825 
4592454000213350000;requerimiento de solubles - octubre;SUR GRANDE AGRO;NITRATO DE POTASIO SOLUBLE; 11,813 
4592454000226580000;Clean Química - Labsa 96% - 6.88 TM;Otros OLO;ACIDO SULFONICO LINEAL; 11,765 
4592454000219750000;COTIZACION OCTUBRE;SUR MEDIO AGRO;SULFATO DE ZINC; 11,700 
4592454000216650000;ZELITE 13 - NOV- DIC - ENERO;Pesca;RETENEDOR DE HUMEDAD; 11,700 
4592454000256210000;Licitación Abr. May. Jun. - FRUCHINCHA;SUR CHICO AGRO;ACIDO FOSFORICO FG; 11,621 
4592454000179540000;AMINOACIDOS ABRIL-MAYO;Feed;VALINA; 11,550 
4592454000294950000;COT SETIEMBRE;SUR MEDIO AGRO;NITRATO DE CALCIO SOLUBLE; 11,550 
4592454000167750000;KLUBEROIL 4 UH1-220 & 460 N (CONSUMO 2024) MONDELEZ;Kluber Liviano;KL ALIMENT Y BEBID; 11,520 
4592454000162740000;KLUBERSYNTH GH 6-460_TK ELEVADORES_2024;Kluber Liviano;KL OTROS; 11,400 
4592454000205550000;SAL REFINADA - AGOSTO24- 60TM - 190/TM - A & H TRADING S.R.L.;Textil;SAL REFINADA; 11,400 
4592454000225000000;cotizacion noviembre wayu;SUR MEDIO AGRO;SULFATO DE POTASIO SOLUBLE; 11,369 
4592454000186910000;HIDROXIDO DE POTASIO - MAYO24 - 8 TM - 1400/TM - VOLCAN COMPANIA MINERA S.A.A.;Químicos;HIDROXIDO DE POTASIO; 11,200 
4592454000208650000;IBC PALLET_AGOSTO_SISSO;Equipos;EQUIPOS DE ALMACENAMIENTO; 11,100 
4592454000263290000;REQ. ICA 004-006 (mayo-jun);SUR MEDIO AGRO;POLIFOSFATO DE AMONIO; 11,000 
4592454000226380000;cotizacion noviembre;SUR MEDIO AGRO;NITRATO DE POTASIO SOLUBLE; 11,000 
4592454000215550000;REQUERIMIENTO DE SOLUBLES OCTUBRE;SUR MEDIO AGRO;NITRATO DE POTASIO SOLUBLE; 11,000 
4592454000268140000;COTIZACION DE MAYO;SUR MEDIO AGRO;NITRATO DE POTASIO SOLUBLE; 10,927 
4592454000221990000;cotizacion noviembre;SUR MEDIO AGRO;SULFATO DE POTASIO SOLUBLE; 10,920 
4592454000288810000;Campaña 2025 - 3 -AGR. WIDOK;SUR CHICO AGRO;ACIDO FOSFORICO FG; 10,875 
4592454000240640000;COTIZACION ENERO 2;SUR MEDIO AGRO;SULFATO DE MAGNESIO HEPTA; 10,800 
4592454000209410000;Agr. la Candelaria - SEPT - DIC;NORTE CHICO AGRO;NITRATO DE CALCIO SOLUBLE; 10,800 
4592454000249480000;KLUBERSYNTH BHP 72-102 (1 ENV = 0.6 KGS);Kluber Liviano;KL OTROS; 10,800 
4592454000179310000;KLUBERSYNTH GH 6-460_TK ELEVADORES_2024;Kluber Liviano;KL OTROS; 10,800 
4592454000235270000;SUERO DE LECHE (MULPULMO) - SPOT DIC;Food;SUERO DE LECHE; 10,800 
4592454000295260000;8 TN - ACIDO FOSFORICO;NORTE GRANDE AGRO;ACIDO FOSFORICO FG; 10,800 
4592454000219750000;COTIZACION OCTUBRE;SUR MEDIO AGRO;SULFATO DE MAGNESIO HEPTA; 10,647 
4592454000273150000;LECHE DESCREMADA - 2025;Food;LECHE DESCREMADA; 10,500 
4592454000433870000;SOLUBLES - FEBRERO / ABRIL;CENTRO;NITRATO DE CALCIO SOLUBLE; 10,500 
4592454000227830000;LECHE DESCREMADA;Food;LECHE DESCREMADA; 10,500 
4592454000275330000;Licitacion anual;SUR MEDIO AGRO;SULFATO DE POTASIO SOLUBLE; 10,389 
4592454000275330000;Licitacion anual;SUR MEDIO AGRO;SULFATO DE POTASIO SOLUBLE; 10,378 
4592454000246360000;CONSUMO_KLUBERSYNTH UH1 6-680_ARCA CONTINENTAL LINDLEY S.A.;Kluber Liviano;KL OTROS; 10,340 
4592454000225000000;cotizacion nov - dic;SUR MEDIO AGRO;NITRATO DE POTASIO SOLUBLE; 10,230 
4592454000161380000;MIX PRODUCTOS ENERO-FEBRERO;CENTRO;NITRATO DE CALCIO TETRAHIDRATADO; 10,200 
4592454000226380000;cotizacion 2 semestre;SUR MEDIO AGRO;SULFATO DE MAGNESIO HEPTA; 10,031 
4592454000199960000;INSUMOS VARIOS;Food;MALTODEXTRINA; 10,010 
4592454000180500000;ACEITES PERU_LUBRICANTES KLUBER;Kluber Liviano;KL OTROS; 10,000 
4592454000163330000;ADIMOLD L70 - CHI 2024-I;Pesca;ANTISALMONELA LIQUIDA; 10,000 
4592454000294950000;REQ ESPECIALIDADES;SUR MEDIO AGRO;BIOESTIMULANTES; 10,000 
4592454000241730000;COTIZACION ENERO;SUR MEDIO AGRO;SULFATO DE POTASIO SOLUBLE; 9,960 
4592454000299300000;Requerimiento octubre;SUR MEDIO AGRO;NITRATO DE POTASIO SOLUBLE; 9,900 
4592454000213800000;REQUERIMIENTO SETIEMBRE -adiccional;SUR MEDIO AGRO;NITRATO DE POTASIO SOLUBLE; 9,900 
4592454000258650000;Campaña 2025 - 2 -AGR. WIDOK;SUR CHICO AGRO;NITRATO DE POTASIO SOLUBLE; 9,858 
4592454000228500000;ATENCIÓN - SOLUBLES OCTUBRE;SUR GRANDE AGRO;FOSFATO MONOAMONICO SOLUBLE; 9,750 
4592454000164590000;ACEITES POLIGLICOLES 220 -320 - 460 - 680;Kluber Liviano;KL OTROS; 9,600 
4592454000248470000;Req. FEB. - Agr. Santa Lucía/Doña Luisa;SUR CHICO AGRO;NITRATO DE POTASIO SOLUBLE; 9,540 
4592454000294780000;LECHE DESCREMADA OCT;Food;LECHE DESCREMADA; 9,480 
4592454000221990000;cotizacion noviembre;SUR MEDIO AGRO;NITRATO DE CALCIO SOLUBLE; 9,460 
4592454000294780000;LECHE DESCREMADA 3 TM;Food;LECHE DESCREMADA; 9,390 
4592454000211130000;LECHE ENTERA 2 TM;Food;LECHE ENTERA; 9,380 
4592454000225000000;cotizacion noviembre;SUR MEDIO AGRO;SULFATO DE ZINC; 9,360 
4592454000161700000;Etoxiquina CHI 2024-I;Pesca;ETOXIQUINA LIQUIDA; 9,310 
4592454000300360000;LECHE DESCREMADA 3 TM;Food;LECHE DESCREMADA; 9,300 
4592454000288780000;COTIZACION AGOSTO;SUR MEDIO AGRO;NITRATO DE CALCIO SOLUBLE; 9,250 
4592454000226960000;COTIZACION NOVIEMBRE;SUR MEDIO AGRO;NITRATO DE POTASIO SOLUBLE; 9,130 
4592454000186420000;Etoxiquina 95% CHI 2024-I;Pesca;ETOXIQUINA LIQUIDA; 9,100 
4592454000176160000;MIX PROD. - ABRIL - SANTA LUCÍA;CENTRO;SULFATO DE POTASIO SOLUBLE; 9,025 
4592454000199960000;ACIDO ACETICO -6 TM;Food;ACIDO ACETICO FG; 9,000 
4592454000225000000;cotizacion noviembre;SUR MEDIO AGRO;NITRATO DE CALCIO SOLUBLE; 9,000 
4592454000294370000;ACIDO CITRICO 10 TM;Food;ACIDO CITRICO; 8,950 
4592454000226380000;cotizacion 2 semestre;SUR MEDIO AGRO;FOSFATO MONOAMONICO SOLUBLE; 8,850 
4592454000199960000;INSUMOS VARIOS;Food;CITRATO DE SODIO; 8,722 
4592454000243810000;CARBONATO LIVIANO - ENERO- 15TM - 475/TM - C & V INTERNATIONAL S.R.L.;Textil;CARBONATO DE SODIO LIVIANO; 8,645 
4592454000228820000;COTIZACION DICIEMBRE-ENERO;SUR MEDIO AGRO;SULFATO DE POTASIO SOLUBLE; 8,600 
4592454000427440000;ACIDO CITRICO 10 TM;Food;ACIDO CITRICO; 8,580 
4592454000176100000;LECHE ENTERA;Food;LECHE ENTERA; 8,560 
4592454000449260000;LECHE DESCREMADA 2 TM;Food;LECHE DESCREMADA; 8,500 
4592454000269600000;NITRATO DE MG | WARTAQ;SUR GRANDE AGRO;NITRATO DE MAGNESIO; 8,460 
4592454000213350000;requerimiento de solubles - octubre;SUR GRANDE AGRO;FOSFATO MONOPOTASICO; 8,381 
4592454000210850000;Propuesta- CYNARA;SUR CHICO AGRO;SULFATO DE MAGNESIO MONO; 8,370 
4592454000229870000;NCA - DICI;NORTE CHICO AGRO;NITRATO DE CALCIO SOLUBLE; 8,250 
4592454000237050000;COTIZACION DICIEMBRE;SUR MEDIO AGRO;SULFATO DE MAGNESIO HEPTA; 8,100 
4592454000237050000;COTIZACION DICIEMBRE;SUR MEDIO AGRO;SULFATO DE MAGNESIO HEPTA; 8,100 
4592454000215010000;Req. Septiembre - AGRICOLA INTERANDINA;NORTE CHICO AGRO;ACIDO FOSFORICO FG; 8,100 
4592454000228160000;COTIZACION NOVIEMBRE;SUR MEDIO AGRO;SULFATO DE MAGNESIO HEPTA; 8,100 
4592454000288810000;Campaña 2025 - 3 -AGR. WIDOK;SUR CHICO AGRO;NITRATO DE CALCIO SOLUBLE; 8,050 
4592454000228660000;MAP - NOVIEMBRE;NORTE CHICO AGRO;FOSFATO MONOAMONICO SOLUBLE; 8,050 
4592454000204880000;SODA CAUSTICA (QATAR) | AGOSTO LOCAL;Food;SODA CAUSTICA PERLAS; 8,000 
4592454000220070000;KLUBERSYNTH UH1 6-680 - Consumo anual;Kluber Liviano;KL ALIMENT Y BEBID; 8,000 
4592454000206440000;FERTI SAN FELIPE;SUR MEDIO AGRO;MICRONUTRIENTES; 8,000 
4592454000226380000;cotizacion 2 semestre;SUR MEDIO AGRO;ACIDO FOSFORICO FG; 7,950 
4592454000228820000;COTIZACION DICIEMBRE-ENERO;SUR MEDIO AGRO;SULFATO DE MAGNESIO HEPTA; 7,800 
4592454000228770000;COTIZACION DE SMG;SUR MEDIO AGRO;SULFATO DE MAGNESIO HEPTA; 7,800 
4592454000162960000;CARB. ACTIVADO - ENE24 - 3TM;Químicos;CARBON ACTIVADO GRANULAR; 7,800 
4592454000233800000;CONSUMO HOTEMP PLUS_ FULL PIMA PROX 6 MESES;Kluber Liviano;KL OTROS; 7,800 
4592454000175200000;LECHE DESCREMADA DAIRY MAR 24 - 2.5TM;Food;LECHE DESCREMADA; 7,750 
4592454000221990000;cotizacion noviembre;SUR MEDIO AGRO;ACIDO FOSFORICO FG; 7,650 
4592454000226380000;cotizacion noviembre;SUR MEDIO AGRO;NITRATO DE POTASIO SOLUBLE; 7,535 
4592454000228820000;COTIZACION DICIEMBRE-ENERO;SUR MEDIO AGRO;ACIDO FOSFORICO FG; 7,500 
4592454000211130000;LECHE DESCREMADA 2.5TM;Food;LECHE DESCREMADA; 7,500 
4592454000269440000;SULFATO DE ALUMINIO 20 TM - JULIO;Food;SULFATO DE ALUMINIO; 7,400 
4592454000222320000;KLUBER SUMMIT PGI 100_OCTUBRE_LUBE;Equipos;KL OTROS; 7,280 
4592454000213680000;NITRATO DE POTASIO - NITRATO DE MAGNESIO SEPT;NORTE CHICO AGRO;NITRATO DE MAGNESIO; 7,200 
4592454000213750000;requerimiento setiembre;CENTRO;SULFATO DE ZINC; 7,020 
4592454000285350000;SGM - REQUERIMEINTO;SUR MEDIO AGRO;SULFATO DE MAGNESIO HEPTA; 6,750 
4592454000200740000;BICARBONATO- 15TM;Food;BICARBONATO DE SODIO; 6,750 
4592454000214030000;KLUBERTEMP HM 83-402_SETIEMBRE_SYNTHEC;Kluber Liviano;KL OTROS; 6,744 
4592454000248470000;Req. FEB. - Agr. Santa Lucía/Doña Luisa;SUR CHICO AGRO;SULFATO DE POTASIO SOLUBLE; 6,640 
4592454000256210000;Licitación Abr. May. Jun. - FRUCHINCHA;SUR CHICO AGRO;FOSFATO MONOAMONICO SOLUBLE; 6,625 
4592454000202770000;ATENCIÓN SOLUBLES JULIO;SUR GRANDE AGRO;SULFATO DE MAGNESIO HEPTA; 6,600 
4592454000213350000;requerimiento de solubles - octubre;SUR GRANDE AGRO;FOSFATO MONOAMONICO SOLUBLE; 6,581 
4592454000275330000;Licitacion anual;SUR MEDIO AGRO;ACIDO FOSFORICO FG; 6,577 
4592454000164470000;SUERO DE LECHE;Food;SUERO DE LECHE; 6,500 
4592454000275330000;Licitacion anual;SUR MEDIO AGRO;NITRATO DE CALCIO SOLUBLE; 6,479 
4592454000275330000;Licitacion anual;SUR MEDIO AGRO;ACIDO FOSFORICO FG; 6,447 
4592454000275330000;Licitacion anual;SUR MEDIO AGRO;NITRATO DE CALCIO SOLUBLE; 6,405 
4592454000225890000;LECHE DESCREMADA NOV;Food;LECHE DESCREMADA; 6,400 
4592454000208640000;GELATINA 280 - 1250 KG;Food;GELATINA 280; 6,375 
4592454000166290000;SAL REFINADA - MAR24 - 30 TM;Químicos;SAL INDUSTRIAL; 6,360 
4592454000226380000;cotizacion noviembre;SUR MEDIO AGRO;SULFATO DE POTASIO SOLUBLE; 6,333 
4592454000228820000;COTIZACION DICIEMBRE-ENERO;SUR MEDIO AGRO;SULFATO DE ZINC; 6,320 
4592454000275330000;Licitacion anual;SUR MEDIO AGRO;ACIDO FOSFORICO FG; 6,320 
4592454000285310000;Req. Julio . - Agr. Santa Lucía/Doña Luisa;SUR CHICO AGRO;SULFATO DE POTASIO GRANULAR; 6,320 
4592454000433870000;SOLUBLES - FEBRERO / ABRIL;CENTRO;SULFATO DE MAGNESIO HEPTA; 6,300 
4592454000427330000;LDP;Food;LECHE DESCREMADA; 6,300 
4592454000294370000;LECHE DESCREMADA 2 TM;Food;LECHE DESCREMADA; 6,300 
4592454000219730000;STABURAGS NBU 12 MF_OCTUBRE_REVERSE;Kluber Liviano;KL OTROS; 6,250 
4592454000251770000;DEXTROSA (LIHUA) | FEBRERO 2025;Food;DEXTROSA; 6,230 
4592454000180870000;LECHE DESCREMADA;Food;LECHE DESCREMADA; 6,200 
4592454000216650000;CEWITT D 800 + HYDROMAR 4;Pesca;ABLANDANTE; 6,200 
4592454000179730000;LECHE DESCREMADA;Food;LECHE DESCREMADA; 6,200 
4592454000174920000;LECHE DESCREMADA;Food;LECHE DESCREMADA; 6,200 
4592454000187640000;LECHE DESCREMADA;Food;LECHE DESCREMADA; 6,100 
4592454000200020000;GELATINA 2TM;Food;GELATINA 280; 6,100 
4592454000235450000;Mix solubles;SUR GRANDE AGRO;NPK SOLUBLE; 6,000 
4592454000186150000;Fosfato Monoamónico;SUR GRANDE AGRO;FOSFATO MONOAMONICO SOLUBLE; 6,000 
4592454000186150000;Fosfato Monoamónico;SUR GRANDE AGRO;FOSFATO MONOAMONICO SOLUBLE; 6,000 
4592454000214780000;REQUERIMIENTO SOLUBLES SETIEMBRE;SUR MEDIO AGRO;FOSFATO MONOAMONICO SOLUBLE; 6,000 
4592454000238270000;COTIZACION POS COSECHA;SUR MEDIO AGRO;SULFATO DE POTASIO SOLUBLE; 5,950 
4592454000175100000;Propuesta solubles;SUR GRANDE AGRO;FOSFATO MONOAMONICO SOLUBLE; 5,950 
4592454000290680000;REQ 08 AGOSTO;SUR MEDIO AGRO;UREA; 5,876 
4592454000224130000;Cotización de fertilizantes noviembre- diciembre;NORTE MEDIO AGRO;SULFATO DE MAGNESIO HEPTA; 5,875 
4592454000225840000;KLUBERPLEX BEM 41-132 (BID = 25KGS);Kluber Liviano;KL ALIMENT Y BEBID; 5,750 
4592454000241730000;COTIZACION ENERO;SUR MEDIO AGRO;SULFATO DE MAGNESIO HEPTA; 5,630 
4592454000292010000;cotizacion extra agosto;SUR MEDIO AGRO;NITRATO DE AMONIO; 5,610 
4592454000290050000;SOLUBLES AGOSTO FERREÑAFE;NORTE MEDIO AGRO;SULFATO DE POTASIO SOLUBLE; 5,600 
4592454000259570000;Req.Abril. - Agr. Santa Lucía/Doña Luisa;SUR CHICO AGRO;SULFATO DE POTASIO GRANULAR; 5,600 
4592454000275330000;Licitacion anual;SUR MEDIO AGRO;ACIDO FOSFORICO FG; 5,513 
4592454000209410000;Agr. la Candelaria - SEPT - DIC;NORTE CHICO AGRO;SULFATO DE AMONIO ESTANDAR; 5,500 
4592454000228820000;COTIZACION DICIEMBRE-ENERO;SUR MEDIO AGRO;NITRATO DE MAGNESIO; 5,500 
4592454000275330000;Licitacion anual;SUR MEDIO AGRO;NITRATO DE CALCIO SOLUBLE; 5,467 
4592454000296400000;NEO DETER - LIVIANO - 12TM - Octubre;HPC y Vidrios;CARBONATO DE SODIO LIVIANO; 5,448 
4592454000226960000;COTIZACION NOVIEMBRE;SUR MEDIO AGRO;NITRATO DE POTASIO SOLUBLE; 5,390 
4592454000238270000;COTIZACION POS COSECHA;SUR MEDIO AGRO;SULFATO DE MAGNESIO HEPTA; 5,376 
4592454000299300000;Requerimiento octubre;SUR MEDIO AGRO;ACIDO FOSFORICO TG; 5,346 
4592454000235460000;SUERO DE LECHE - LECHE ENTERA;Food;LECHE ENTERA; 5,280 
4592454000235940000;BICARBONATO MALAN 12 TM;Food;BICARBONATO DE SODIO; 5,280 
4592454000244420000;Map - Npk;CENTRO;NPK SOLUBLE; 5,250 
4592454000226380000;cotizacion 2 semestre;SUR MEDIO AGRO;MICRONUTRIENTES; 5,225 
4592454000451810000;CARBONATO DE POTASIO MARZO;Food;CARBONATO DE POTASIO; 5,200 
4592454000225000000;cotizacion nov - dic;SUR MEDIO AGRO;SULFATO DE POTASIO SOLUBLE; 5,166 
4592454000299300000;Requerimiento octubre;SUR MEDIO AGRO;NITRATO DE MAGNESIO; 5,160 
4592454000226380000;cotizacion noviembre;SUR MEDIO AGRO;SULFATO DE ZINC; 5,148 
4592454000172990000;MIX PROD. MARZO - OLIVOS DE VILLACURÍ;SUR MEDIO AGRO;FOSFATO MONOAMONICO SOLUBLE; 5,120 
4592454000218520000;IBC DOBLE 5482-YE_OCTUBRE_MEQUIM;Equipos;EQUIPOS DE ALMACENAMIENTO; 5,120 
4592454000274220000;KLUBERFOOD NH1 CH 2-220 PLUS (1 ENVASE = 5LTS);Kluber Liviano;KL ALIMENT Y BEBID; 5,100 
4592454000220010000;SMG - OCTUBRE;SUR MEDIO AGRO;SULFATO DE MAGNESIO HEPTA; 5,060 
4592454000251420000;REQ FEB- AGR. SAN PABLO Y SAN PABLITO S.A.C.;SUR CHICO AGRO;SULFATO DE POTASIO SOLUBLE; 5,010 
4592454000185880000;NMG - MAYO - AGROMEGA;CENTRO;NITRATO DE MAGNESIO; 5,000 
4592454000176050000;SODA PERLAS - ABRIL24 - 4 TM - 1250/TM - CORPORACION REY S.A.;Textil;SODA CAUSTICA PERLAS; 5,000 
4592454000259570000;Req.Abril. - Agr. Santa Lucía/Doña Luisa;SUR CHICO AGRO;SULFATO DE POTASIO SOLUBLE; 4,992 
4592454000226380000;cotizacion 2 semestre;SUR MEDIO AGRO;NITRATO DE AMONIO; 4,929 
4592454000209410000;Agr. la Candelaria - SEPT - DIC;NORTE CHICO AGRO;PEROXIDO DE HIDROGENO 70%; 4,900 
4592454000282560000;GELATINA 1TM;Food;GELATINA 280; 4,900 
4592454000268320000;1 TM GELATINA 200 KG COLAGENO;Food;GELATINA 280; 4,900 
4592454000223310000;LECHE DESCREMADA 1.5 TM;Food;LECHE DESCREMADA; 4,800 
4592454000175100000;Propuesta solubles;SUR GRANDE AGRO;SULFATO DE POTASIO SOLUBLE; 4,775 
4592454000254880000;FECULA DE YUCA - 5 TM - MAR;Food;FECULA DE YUCA; 4,750 
4592454000256210000;Licitación Abr. May. Jun. - FRUCHINCHA;SUR CHICO AGRO;NITRATO DE MAGNESIO; 4,729 
4592454000226540000;LECHE DECSREMADA NOVIEMBRE;Food;LECHE DESCREMADA; 4,725 
4592454000238270000;COTIZACION POS COSECHA;SUR MEDIO AGRO;NITRATO DE POTASIO SOLUBLE; 4,725 
4592454000221740000;BICARBONATO DE SODIO NOVIEMBRE 10 TM;Food;BICARBONATO DE SODIO; 4,700 
4592454000208460000;LECHE ENTERA;Food;LECHE ENTERA; 4,700 
4592454000226380000;cotizacion noviembre;SUR MEDIO AGRO;SULFATO DE MAGNESIO HEPTA; 4,698 
4592454000213390000;ACIDO ACETICO-SEPTIEMBRE;Food;ACIDO ACETICO FG; 4,650 
4592454000179730000;LECHE DESCREMADA;Food;LECHE DESCREMADA; 4,650 
4592454000225340000;ACETICO NOVIEMBRE;Food;ACIDO ACETICO FG; 4,650 
4592454000290680000;REQ 08 AGOSTO;SUR MEDIO AGRO;SULFATO DE POTASIO SOLUBLE; 4,640 
4592454000240100000;PETAMO GHY 441_ENERO_IBEROPLAST;Kluber Liviano;KL OTROS; 4,625 
4592454000292850000;COT. SETIEMBRE LABRADOR;SUR MEDIO AGRO;SULFATO DE POTASIO SOLUBLE; 4,600 
4592454000258650000;Campaña 2025 - 2 -AGR. WIDOK;SUR CHICO AGRO;ACIDO FOSFORICO FG; 4,568 
4592454000224160000;UNISILKON_OCTUBRE_LEOBUR;Kluber Liviano;KL TEXTIL; 4,560 
4592454000256410000;STABUTHERM GH 461 (180 KG)_SP_MARZO;Kluber Liviano;KL ALIMENT Y BEBID; 4,500 
4592454000205460000;KLUBER REQUERIMIENTOS_JULIO_OREGON;Kluber Liviano;KL OTROS; 4,500 
4592454000181260000;KLUBERFOOD NH1 CH 6-120_2024;Kluber Liviano;KL ALIMENT Y BEBID; 4,500 
4592454000213800000;REQUERIMIENTO SETIEMBRE -adiccional;SUR MEDIO AGRO;NITRATO DE CALCIO SOLUBLE; 4,500 
4592454000226380000;cotizacion noviembre;SUR MEDIO AGRO;NITRATO DE CALCIO SOLUBLE; 4,420 
4592454000168630000;LECHE ENTERA;Food;LECHE ENTERA; 4,400 
4592454000219420000;Atención Nitrato de Calcio;SUR GRANDE AGRO;NITRATO DE CALCIO SOLUBLE; 4,400 
4592454000449260000;BICARBONATO 12.5 TM MARZO;Food;BICARBONATO DE SODIO; 4,375 
4592454000211580000;ALTERNATIVO GEM 4 (EG 4)_CHIHUACO;Kluber Liviano;KL OTROS; 4,368 
4592454000226960000;COTIZACION NOVIEMBRE;SUR MEDIO AGRO;FOSFATO MONOAMONICO SOLUBLE; 4,350 
4592454000238270000;COTIZACION ENERO;SUR MEDIO AGRO;NITRATO DE CALCIO SOLUBLE; 4,285 
4592454000304540000;Magroplex - Enero 26;SUR MEDIO AGRO;NPK GRANULADO; 4,250 
4592454000213350000;requerimiento de solubles - octubre;SUR GRANDE AGRO;NITRATO DE AMONIO; 4,240 
4592454000226380000;cotizacion 2 semestre;SUR MEDIO AGRO;FOSFATO MONOPOTASICO; 4,240 
4592454000299300000;Requerimiento octubre;SUR MEDIO AGRO;NITRATO DE CALCIO SOLUBLE; 4,200 
4592454000277520000;ASPARTAME 2026;Food;ASPARTAME; 4,200 
4592454000432630000;BICARBONATO ENERO;Food;BICARBONATO DE SODIO; 4,200 
4592454000275330000;Licitacion anual;SUR MEDIO AGRO;NITRATO DE CALCIO SOLUBLE; 4,169 
4592454000186910000;SODA PERLAS - MAYO24- 5 TM - 825/TM - CEMM CONSULTORES S.A.C.;Textil;SODA CAUSTICA PERLAS; 4,125 
4592454000264620000;SGM + SOP;SUR GRANDE AGRO;SULFATO DE POTASIO SOLUBLE; 4,100 
4592454000180350000;GELATINA GELNEX;Food;GELATINA 280; 4,095 
4592454000226380000;cotizacion noviembre;SUR MEDIO AGRO;ACIDO FOSFORICO FG; 4,050 
4592454000285310000;Req. Julio . - Agr. Santa Lucía/Doña Luisa;SUR CHICO AGRO;SULFATO DE POTASIO SOLUBLE; 4,004 
4592454000246360000;CONSUMO_KLUBERFOOD NH1 94-402 _EMBOTELLADORA SAN MIGUEL DEL SUR S.A.C.;Kluber Liviano;KL ALIMENT Y BEBID; 4,000 
4592454000290680000;REQ 08 AGOSTO;SUR MEDIO AGRO;ACIDO FOSFORICO FG; 3,968 
4592454000259350000;TRIPOLIFOSFATO DE SODIO - 3 TM . MARZO - MAQUIMSA S A;Textil;TRIPOLIFOSFATO DE SODIO; 3,945 
4592454000284610000;Previsión SMg Mono Sept. - Agrs. San Cristobal;SUR CHICO AGRO;SULFATO DE MAGNESIO MONO; 3,940 
4592454000258360000;ACIDO ACETICO MARZO- ABRIL;Food;ACIDO ACETICO FG; 3,900 
4592454000244420000;Map - Npk;CENTRO;FOSFATO MONOAMONICO SOLUBLE; 3,900 
4592454000425720000;NPK SOLUBLES;SUR GRANDE AGRO;NPK SOLUBLE; 3,900 
4592454000296330000;BICARBONATO 10 TM;Food;BICARBONATO DE SODIO; 3,890 
4592454000170570000;SODA CAUSTICA PERLAS -MARZO - 4 TM;Textil;SODA CAUSTICA PERLAS; 3,840 
4592454000268140000;COTIZACION DE MAYO;SUR MEDIO AGRO;ACIDO FOSFORICO FG; 3,825 
4592454000258650000;Campaña 2025 - 2 -AGR. WIDOK;SUR CHICO AGRO;MICRONUTRIENTES; 3,800 
4592454000178100000;SAM - ABRIL - AB. VIVOS;CENTRO;SULFATO DE AMONIO ESTANDAR; 3,800 
4592454000279430000;NK - 8TM;NORTE MEDIO AGRO;NITRATO DE MAGNESIO; 3,760 
4592454000225000000;cotizacion nov - dic;SUR MEDIO AGRO;ACIDO FOSFORICO FG; 3,750 
4592454000173670000;Mix fertilizantes - MARZO;CENTRO;FOSFATO MONOAMONICO SOLUBLE; 3,750 
4592454000226380000;cotizacion noviembre;SUR MEDIO AGRO;ACIDO FOSFORICO FG; 3,750 
4592454000275330000;Licitacion anual;SUR MEDIO AGRO;SULFATO DE POTASIO SOLUBLE; 3,673 
4592454000238270000;COTIZACION POS COSECHA;SUR MEDIO AGRO;NITRATO DE MAGNESIO; 3,624 
4592454000275330000;Licitacion anual;SUR MEDIO AGRO;NITRATO DE CALCIO SOLUBLE; 3,611 
4592454000252860000;Propuesta Solumax - AGRÍCOLA ARONA;SUR CHICO AGRO;NPK SOLUBLE; 3,605 
4592454000181970000;ACIDO ACETICO LOTTE (AGO 24) - 3TM;Food;ACIDO ACETICO FG; 3,600 
4592454000159980000;KLUBERSYNTH GH 6-320 (1 ENVASE = 20 LTS)_MONDELEZ;Kluber Liviano;KL OTROS; 3,600 
4592454000164040000;KLUBERPLEX BEM 41-132 (1 ENVASE = 400GRS);Kluber Liviano;KL OTROS; 3,600 
4592454000213750000;requerimiento setiembre;CENTRO;SULFATO DE MAGNESIO HEPTA; 3,600 
4592454000248250000;Requermiento SGM -FEB;SUR MEDIO AGRO;SULFATO DE MAGNESIO HEPTA; 3,600 
4592454000275330000;Licitacion anual;SUR MEDIO AGRO;NITRATO DE CALCIO SOLUBLE; 3,588 
4592454000185690000;CARBON ACTIVADO - 1.5 tm Mayo´24;Químicos;CARBON ACTIVADO GRANULAR; 3,549 
4592454000269600000;NITRATO DE MG | APB;SUR GRANDE AGRO;NITRATO DE MAGNESIO; 3,525 
4592454000225000000;cotizacion noviembre;SUR MEDIO AGRO;NITRATO DE CALCIO SOLUBLE; 3,510 
4592454000296430000;Req. Septiembre;SUR MEDIO AGRO;ACIDO FOSFORICO TG; 3,510 
4592454000304460000;KP_NOV_UNACEM_STABURAGS NBU 12/300 KP;Kluber Pesado;KP MINERIA Y CEMENTO; 3,500 
4592454000173670000;Mix fertilizantes - MARZO;CENTRO;SULFATO DE POTASIO SOLUBLE; 3,450 
4592454000161380000;MIX PRODUCTOS ENERO-FEBRERO;CENTRO;SULFATO DE AMONIO ESTANDAR; 3,400 
4592454000231110000;LECHE DESCREMADA - R.C.;Food;LECHE DESCREMADA; 3,400 
4592454000275330000;Licitacion anual;SUR MEDIO AGRO;ACIDO FOSFORICO FG; 3,395 
4592454000220340000;COTIZACION SOP // SULFATO DE MAGNESIO;NORTE MEDIO AGRO;SULFATO DE MAGNESIO HEPTA; 3,375 
4592454000222010000;COTIZACION NOVIEMBRE;SUR MEDIO AGRO;SULFATO DE POTASIO SOLUBLE; 3,360 
4592454000219750000;COTIZACION OCTUBRE;SUR MEDIO AGRO;SULFATO DE COBRE; 3,360 
4592454000284610000;AC. FOSFÓRICO - BETA (CHINCHA);SUR CHICO AGRO;ACIDO FOSFORICO TG; 3,350 
4592454000220260000;VENTA LECHE DESCREMADA 1 TM LECHE ENTERA 0.5 TM OCTUBRE;Food;LECHE DESCREMADA; 3,350 
4592454000285310000;Req. Julio . - Agr. Santa Lucía/Doña Luisa;SUR CHICO AGRO;NITRATO DE CALCIO SOLUBLE; 3,348 
4592454000212860000;Klübertemp GR RT 15N_SETIEMBRE_INELCOS;Kluber Liviano;KL OTROS; 3,339 
4592454000252860000;Req. FEB II. - Agr. Santa Lucía/Doña Luisa;SUR CHICO AGRO;SULFATO DE POTASIO SOLUBLE; 3,320 
4592454000301380000;KLUBERSYNTH UH1 6-320 (1 LAT = 20 LTS) - PERU;Kluber Liviano;KL ALIMENT Y BEBID; 3,300 
4592454000175100000;Propuesta comercial SMG;SUR GRANDE AGRO;SULFATO DE MAGNESIO HEPTA; 3,300 
4592454000222010000;COTIZACION NOVIEMBRE;SUR MEDIO AGRO;FOSFATO MONOAMONICO SOLUBLE; 3,250 
4592454000160730000;Klubersynth BHP 72-102;Kluber Pesado;KL OTROS; 3,250 
4592454000252150000;AC. ACETICO FEBRERO;Food;ACIDO ACETICO FG; 3,240 
4592454000219750000;COTIZACION OCTUBRE;SUR MEDIO AGRO;SULFATO DE ZINC; 3,239 
4592454000291940000;COTIZACION AGOSTO;SUR MEDIO AGRO;FOSFATO DIAMONICO; 3,204 
4592454000215010000;Req. Septiembre - AGRICOLA INTERANDINA;NORTE CHICO AGRO;NITRATO DE AMONIO; 3,200 
4592454000225000000;cotizacion nov - dic;SUR MEDIO AGRO;SULFATO DE AMONIO ESTANDAR; 3,190 
4592454000228660000;MAP - NOVIEMBRE;NORTE CHICO AGRO;NPK SOLUBLE; 3,180 
4592454000216770000;ACIDO ACETICO GLACIAL TECH - DICIEMBRE- 3.6TM-- TEXFINA S A ( IMPORTACION);Textil;ACIDO ACETICO TG; 3,168 
4592454000216770000;ACIDO ACETICO GLACIAL TECH - ENERO - 3.6TM-- TEXFINA S A ( IMPORTACION);Textil;ACIDO ACETICO TG; 3,168 
4592454000216770000;ACIDO ACETICO GLACIAL TECH - FEBRERO- 3.6TM-- TEXFINA S A ( IMPORTACION);Textil;ACIDO ACETICO TG; 3,168 
4592454000238270000;COTIZACION POS COSECHA;SUR MEDIO AGRO;NITRATO DE CALCIO GRANULAR; 3,155 
4592454000225340000;LECHE DESCREMADA OCTUBRE;Food;LECHE DESCREMADA; 3,150 
4592454000213750000;requerimiento setiembre;CENTRO;NITRATO DE AMONIO; 3,090 
4592454000289670000;REQ - 0008;SUR MEDIO AGRO;FOSFATO MONOAMONICO SOLUBLE; 3,090 
4592454000225890000;Req. Recoge - TESLA TEC;SUR CHICO AGRO;FOSFATO MONOAMONICO SOLUBLE; 3,051 
4592454000179730000;LECHE DESCREMADA;Food;LECHE DESCREMADA; 3,050 
4592454000210320000;DEXTROSA;Food;DEXTROSA; 3,000 
4592454000304500000;19-19-19 NPK SOLUBLE;SUR MEDIO AGRO;NPK SOLUBLE; 3,000 
4592454000215550000;REQUERIMIENTO DE SOLUBLES OCTUBRE;SUR MEDIO AGRO;ACIDO FOSFORICO FG; 3,000 
4592454000230540000;Req. Dic - Agr. Belén;SUR CHICO AGRO;FOSFATO MONOAMONICO SOLUBLE; 3,000 
4592454000207260000;Klubersynth BHP 72-102_AGOSTO_GM OPERACIONES;Kluber Liviano;KL OTROS; 3,000 
4592454000292010000;cotizacion extra agosto;SUR MEDIO AGRO;ACIDO BORICO; 2,940 
4592454000226960000;COTIZACION NOVIEMBRE;SUR MEDIO AGRO;FOSFATO MONOAMONICO SOLUBLE; 2,925 
4592454000213750000;requerimiento setiembre;CENTRO;ACIDO BORICO; 2,910 
4592454000186420000;acetico;Food;ACIDO ACETICO FG; 2,900 
4592454000252860000;Req. FEB II. - Agr. Santa Lucía/Doña Luisa;SUR CHICO AGRO;ACIDO FOSFORICO FG; 2,842 
4592454000173540000;ACIDO CITRICO 3TM;Food;ACIDO CITRICO; 2,820 
4592454000216850000;COTIZACION PEDIDO EXTRA SETIEMBRE;SUR MEDIO AGRO;FOSFATO MONOPOTASICO; 2,813 
4592454000212340000;STABURAGS NBU 12/300 KP_SETIEMBRE_FILASUR;Kluber Liviano;KL OTROS; 2,800 
4592454000268140000;COTIZACION DE MAYO;SUR MEDIO AGRO;SULFATO DE COBRE; 2,795 
4592454000213350000;requerimiento de solubles - octubre;SUR GRANDE AGRO;NITRATO DE CALCIO SOLUBLE; 2,775 
4592454000226960000;COTIZACION NOVIEMBRE;SUR MEDIO AGRO;SULFATO DE ZINC; 2,769 
4592454000200020000;gelatina;Food;GELATINA 280; 2,750 
4592454000272770000;KLUBERSYNTH UH1 14-31_EXALMAR_MAYO;Kluber Liviano;KL ALIMENT Y BEBID; 2,750 
4592454000221990000;cotizacion noviembre;SUR MEDIO AGRO;NITRATO DE MAGNESIO; 2,709 
4592454000442970000;CONSUMO RHT 68;Mantenimiento;KL COMPRESORES; 2,704 
4592454000292850000;COT. SETIEMBRE LABRADOR;SUR MEDIO AGRO;ACIDO FOSFORICO TG; 2,700 
4592454000226960000;COTIZACION NOVIEMBRE;SUR MEDIO AGRO;ACIDO FOSFORICO FG; 2,700 
4592454000428820000;COTIZACION FERT. ENERO 2026;NORTE MEDIO AGRO;SULFATO DE MAGNESIO HEPTA; 2,700 
4592454000213800000;REQUERIMIENTO SETIEMBRE -adiccional;SUR MEDIO AGRO;CLORURO DE POTASIO ESTANDAR; 2,640 
4592454000221170000;GELATINA 500 KG;Food;GELATINA 280; 2,600 
4592454000215020000;REQUERIMIENTO SOLUBLES - SETIEMBRE;SUR MEDIO AGRO;NITRATO DE AMONIO; 2,600 
4592454000207500000;BHP 72-102_AGOSTO_SYNTHEC;Kluber Liviano;KL ALIMENT Y BEBID; 2,600 
4592454000181870000;KLUBEROIL 4 UH1-220N (1 ENVASE = 20 LTS)_LAIVE_2024;Kluber Liviano;KL ALIMENT Y BEBID; 2,600 
4592454000213620000;requerimiento de solubles - setiembre;SUR MEDIO AGRO;SULFATO DE ZINC; 2,600 
4592454000249940000;Req. Febrero - AGRÍCOLA ARONA;SUR CHICO AGRO;NITRATO DE POTASIO SOLUBLE; 2,575 
4592454000215550000;REQUERIMIENTO DE SOLUBLES OCTUBRE;SUR MEDIO AGRO;NITRATO DE AMONIO; 2,575 
4592454000291940000;COTIZACION AGOSTO;SUR MEDIO AGRO;SULFATO DE MAGNESIO MONO; 2,548 
4592454000159310000;DECANDRIVE S.A.C_2024;Kluber Liviano;KL ALIMENT Y BEBID; 2,520 
4592454000213790000;REQUERIMIENTO SETIEMBRE;SUR MEDIO AGRO;ACIDO FOSFORICO FG; 2,520 
4592454000245670000;CONSUMO ISOFLEX NBU 15_NORSAC;Kluber Liviano;KL OTROS; 2,500 
4592454000165310000;Valina Eppen;Feed;VALINA; 2,495 
4592454000163200000;ACIDO FOSFORICO;Food;ACIDO FOSFORICO FG; 2,459 
4592454000170910000;CARBON ACTIVADO - 1 TM - MAR24;Químicos;CARBON ACTIVADO GRANULAR; 2,450 
4592454000215010000;Req. Septiembre - AGRICOLA INTERANDINA;NORTE CHICO AGRO;SULFATO DE MAGNESIO HEPTA; 2,438 
4592454000225000000;cotizacion nov - dic;SUR MEDIO AGRO;NITRATO DE CALCIO SOLUBLE; 2,405 
4592454000302870000;Mix micros;SUR GRANDE AGRO;MICRONUTRIENTES; 2,400 
4592454000290050000;SOLUBLES AGOSTO FERREÑAFE;NORTE MEDIO AGRO;SULFATO DE MAGNESIO HEPTA; 2,400 
4592454000178100000;DESCREMADA;Food;LECHE DESCREMADA; 2,400 
4592454000288810000;Campaña 2025 - 3 -AGR. WIDOK;SUR CHICO AGRO;SULFATO DE POTASIO SOLUBLE; 2,400 
4592454000201160000;BICARBONATO- 5TM;Food;BICARBONATO DE SODIO; 2,400 
4592454000299300000;Requerimiento octubre;SUR MEDIO AGRO;SULFATO DE ZINC; 2,400 
4592454000226380000;cotizacion 2 semestre;SUR MEDIO AGRO;NITRATO DE MAGNESIO; 2,393 
4592454000238270000;COTIZACION ENERO;SUR MEDIO AGRO;NITRATO DE POTASIO SOLUBLE; 2,365 
4592454000210360000;BICARBONATO DE SODIO MALAN AGOSTO;Food;BICARBONATO DE SODIO; 2,350 
4592454000216850000;COTIZACION PEDIDO EXTRA SETIEMBRE;SUR MEDIO AGRO;FOSFATO MONOAMONICO SOLUBLE; 2,344 
4592454000268140000;COTIZACION DE MAYO;SUR MEDIO AGRO;SULFATO DE POTASIO SOLUBLE; 2,320 
4592454000229070000;COTIZACION FERTILIZANTES;NORTE MEDIO AGRO;FOSFATO MONOAMONICO SOLUBLE; 2,320 
4592454000220260000;VENTA LECHE DESCREMADA 1 TM LECHE ENTERA 0.5 TM OCTUBRE;Food;LECHE ENTERA; 2,300 
4592454000210660000;HEL 46-450_AGOSTO_SYNTHEC;Kluber Liviano;KL OTROS; 2,300 
4592454000285980000;LECHE ENTERA PROYECTO;Food;LECHE ENTERA; 2,285 
4592454000225000000;cotizacion noviembre wayu;SUR MEDIO AGRO;SULFATO DE MAGNESIO HEPTA; 2,256 
4592454000225000000;cotizacion noviembre wayu;SUR MEDIO AGRO;NITRATO DE CALCIO SOLUBLE; 2,250 
4592454000187500000;BICARBONATO DE SODIO;Food;BICARBONATO DE SODIO; 2,250 
4592454000163830000;KLUBERFOOD NH1 94-402 (1 ENV = 25 KGS)_NESTLE_2024;Kluber Liviano;KL ALIMENT Y BEBID; 2,250 
4592454000238270000;COTIZACION ENERO;SUR MEDIO AGRO;ACIDO FOSFORICO TG; 2,250 
4592454000268310000;SULFATO DE ALUMINIO 5 TM;Food;SULFATO DE ALUMINIO; 2,250 
4592454000293480000;LECHE ENTERA;Food;LECHE ENTERA; 2,250 
4592454000290940000;ENTERA - DESCREMADA;Food;LECHE ENTERA; 2,250 
4592454000222660000;CARBONATO DE SODIO LIVIANO-5 TM;Food;CARBONATO DE SODIO LIVIANO; 2,250 
4592454000225890000;Req. Recoge - TESLA TEC;SUR CHICO AGRO;SULFATO DE POTASIO SOLUBLE; 2,241 
4592454000261500000;MUESTRA DE SOLUMAX INICIO;SUR GRANDE AGRO;NPK SOLUBLE; 2,240 
4592454000228500000;ATENCIÓN - SOLUBLES OCTUBRE;SUR GRANDE AGRO;SULFATO DE POTASIO SOLUBLE; 2,225 
4592454000215020000;REQUERIMIENTO SOLUBLES - SETIEMBRE;SUR MEDIO AGRO;NITRATO DE POTASIO SOLUBLE; 2,200 
4592454000235450000;Mix solubles;SUR GRANDE AGRO;SULFATO DE MAGNESIO HEPTA; 2,200 
4592454000175200000;ISOFLEX LDS 18 SPECIAL A_TEMOINSA;Kluber Liviano;KL OTROS; 2,160 
4592454000260670000;Req. Chilca - WESTFALIA FRUIT;SUR CHICO AGRO;NITRATO DE CALCIO SOLUBLE; 2,160 
4592454000226380000;cotizacion 2 semestre;SUR MEDIO AGRO;NPK GRANULADO; 2,150 
4592454000275330000;Licitacion anual;SUR MEDIO AGRO;ACIDO FOSFORICO FG; 2,142 
4592454000305760000;KP_NOV_UNACEM_WOLFRACOAT C CONSUMO;Kluber Pesado;KP MINERIA Y CEMENTO; 2,136 
4592454000226960000;COTIZACION NOVIEMBRE;SUR MEDIO AGRO;NITRATO DE MAGNESIO; 2,128 
4592454000225000000;cotizacion noviembre wayu;SUR MEDIO AGRO;UREA; 2,120 
4592454000220730000;CONSUMO STABURAGS NBU 12 K_SUR COLOR STAR;Kluber Liviano;KL TEXTIL; 2,100 
4592454000216650000;CEWITT D 800 + HYDROMAR 4;Pesca;CONSERVANTE/BLANQUEADOR; 2,100 
4592454000201690000;LABSA 96%- CLEAN QUIMICA DEL PERU;Otros OLO;ACIDO SULFONICO LINEAL; 2,100 
4592454000225000000;cotizacion nov - dic;SUR MEDIO AGRO;NITRATO DE AMONIO; 2,090 
4592454000285960000;INSUMOS -JUL - R.C. (2);Food;LECHE ENTERA; 2,070 
4592454000216850000;COTIZACION PEDIDO EXTRA SETIEMBRE;SUR MEDIO AGRO;NITRATO DE POTASIO SOLUBLE; 2,063 
4592454000213800000;REQUERIMIENTO SETIEMBRE -adiccional;SUR MEDIO AGRO;NITRATO DE AMONIO; 2,060 
4592454000175100000;Propuesta solubles;SUR GRANDE AGRO;NITRATO DE CALCIO SOLUBLE; 2,050 
4592454000238270000;COTIZACION POS COSECHA;SUR MEDIO AGRO;SULFATO DE ZINC; 2,048 
4592454000302830000;SUMTECH FGS 2 - PLANTA AQP;Kluber Liviano;KL ALIMENT Y BEBID; 2,048 
4592454000289670000;REQ - 0008;SUR MEDIO AGRO;NITRATO DE CALCIO SOLUBLE; 2,040 
4592454000216770000;ACIDO ACETICO - DICIEMBRE - 2.3TM - FAST DYE S.A.C - (IMPORTACION);Textil;ACIDO ACETICO TG; 2,024 
4592454000216770000;ACIDO ACETICO - ENERO- 2.3TM - FAST DYE S.A.C - (IMPORTACION);Textil;ACIDO ACETICO TG; 2,024 
4592454000216770000;ACIDO ACETICO - FEBRERO - 2.3TM - FAST DYE S.A.C - (IMPORTACION);Textil;ACIDO ACETICO TG; 2,024 
4592454000285310000;Req. Julio . - Agr. Santa Lucía/Doña Luisa;SUR CHICO AGRO;MACRONUTRIENTES; 2,000 
4592454000201900000;SOLUBLES JULIO SUIZA FOOD;SUR MEDIO AGRO;NITRATO DE CALCIO SOLUBLE; 2,000 
4592454000217060000;Req. Oct. Javier Abal;SUR CHICO AGRO;NITRATO DE CALCIO SOLUBLE; 2,000 
4592454000171020000;ACEITE LUBRICANTE ENGRANAJE ISO 220;Kluber Liviano;KL OTROS; 2,000 
4592454000163280000;ISOFLEX NBU 15;Kluber Liviano;KL TEXTIL; 2,000 
4592454000159450000;PARALIQ P 12 (1 ENV = 200 LTS)_2024_1ER SEMESTRE;Kluber Liviano;KL ALIMENT Y BEBID; 2,000 
4592454000164450000;KLUBERFOOD NH1 CH 6-120_2024;Kluber Liviano;KL ALIMENT Y BEBID; 2,000 
4592454000183720000;RFQ JRBZ001821_GLORIA;Kluber Liviano;KL ALIMENT Y BEBID; 2,000 
4592454000290680000;REQ 08 AGOSTO;SUR MEDIO AGRO;NITRATO DE AMONIO; 1,989 
4592454000166900000;citrico;Food;ACIDO CITRICO; 1,980 
4592454000178100000;ACIDO CITRICO;Food;ACIDO CITRICO; 1,980 
4592454000177650000;OXIDO DE MAGNESIO;Feed;OXIDO DE MAGNESIO; 1,975 
4592454000240440000;COTIZACION NITRATO DE CALCIO;NORTE MEDIO AGRO;NITRATO DE CALCIO SOLUBLE; 1,960 
4592454000231590000;GELATINA 280 - 375 KG;Food;GELATINA 280; 1,950 
4592454000214780000;REQUERIMIENTO SOLUBLES SETIEMBRE;SUR MEDIO AGRO;SULFATO DE ZINC; 1,950 
4592454000213800000;REQUERIMIENTO SETIEMBRE -adiccional;SUR MEDIO AGRO;ACIDO BORICO; 1,940 
4592454000245490000;TIERRA DE FILTRACION;Food;TIERRA DE FILTRACION; 1,940 
4592454000213620000;requerimiento de solubles - setiembre;SUR MEDIO AGRO;NITRATO DE MAGNESIO; 1,900 
4592454000215550000;REQUERIMIENTO DE SOLUBLES OCTUBRE;SUR MEDIO AGRO;NITRATO DE MAGNESIO; 1,900 
4592454000215020000;REQUERIMIENTO SOLUBLES - SETIEMBRE;SUR MEDIO AGRO;NITRATO DE MAGNESIO; 1,900 
4592454000179140000;NICA - ABRIL- FND. SAN ROBERTO;CENTRO;NITRATO DE CALCIO SOLUBLE; 1,850 
4592454000290050000;SOLUBLES AGOSTO FERREÑAFE;NORTE MEDIO AGRO;NITRATO DE CALCIO SOLUBLE; 1,850 
4592454000214780000;REQUERIMIENTO SOLUBLES SETIEMBRE;SUR MEDIO AGRO;NITRATO DE CALCIO SOLUBLE; 1,845 
4592454000183860000;Ctrico 2tm;Food;ACIDO CITRICO; 1,840 
4592454000242620000;CITRATO DE SODIO 2 TM;Food;CITRATO DE SODIO; 1,840 
4592454000277520000;GOMA XANTAN 2026;Food;GOMA XANTAN; 1,800 
4592454000449130000;SOLUBLES - MARZO;CENTRO;NITRATO DE CALCIO SOLUBLE; 1,800 
4592454000248470000;Req. FEB. - Agr. Santa Lucía/Doña Luisa;SUR CHICO AGRO;SULFATO DE MAGNESIO HEPTA; 1,760 
4592454000268140000;COTIZACION DE MAYO;SUR MEDIO AGRO;NITRATO DE CALCIO SOLUBLE; 1,759 
4592454000176160000;MIX PROD. - ABRIL - SANTA LUCÍA;CENTRO;SULFATO DE MAGNESIO HEPTA; 1,728 
4592454000221990000;cotizacion noviembre;SUR MEDIO AGRO;SULFATO DE ZINC; 1,716 
4592454000221900000;KLUBERSYNTH CTH 2-260_OCTUBRE_SUR COLOR STAR;Kluber Liviano;KL OTROS; 1,700 
4592454000225000000;cotizacion noviembre;SUR MEDIO AGRO;SULFATO DE MAGNESIO HEPTA; 1,692 
4592454000301380000;CONSUMOS HOTEMP 2000 - SPRAY (SAM) (1 Spray = 400ML);Kluber Liviano;KL ALIMENT Y BEBID; 1,680 
4592454000263290000;REQ. ICA 004-006 (mayo-jun);SUR MEDIO AGRO;ACIDO FOSFORICO FG; 1,677 
4592454000225000000;cotizacion noviembre wayu;SUR MEDIO AGRO;NITRATO DE POTASIO SOLUBLE; 1,650 
4592454000226960000;COTIZACION NOVIEMBRE;SUR MEDIO AGRO;NITRATO DE AMONIO; 1,643 
4592454000215430000;REQUERIMIENTO SOLUBLES - SETIEMBRE;SUR MEDIO AGRO;SULFATO DE POTASIO SOLUBLE; 1,640 
4592454000206880000;CONTENEDORES IBC_AGOSTO_INDUSTRIAS SUAREZ;Equipos;EQUIPOS DE ALMACENAMIENTO; 1,630 
4592454000215550000;REQUERIMIENTO DE SOLUBLES OCTUBRE;SUR MEDIO AGRO;SULFATO DE POTASIO SOLUBLE; 1,614 
4592454000268140000;COTIZACION DE MAYO;SUR MEDIO AGRO;NITRATO DE MAGNESIO; 1,601 
4592454000285310000;Req. Julio . - Agr. Santa Lucía/Doña Luisa;SUR CHICO AGRO;MICRONUTRIENTES; 1,600 
4592454000318610000;PRODUCTOS NOVIEMBRE;Food;PERCARBONATO DE SODIO; 1,600 
4592454000277520000;BENZOATO DE SODIO 2026;Food;BENZOATO DE SODIO; 1,600 
4592454000213800000;REQUERIMIENTO SETIEMBRE -adiccional;SUR MEDIO AGRO;UREA; 1,590 
4592454000206880000;CONTENEDORES IBC_AGOSTO_INDUSTRIAS SUAREZ;Equipos;EQUIPOS DE ALMACENAMIENTO; 1,580 
4592454000290940000;ENTERA - DESCREMADA;Food;LECHE DESCREMADA; 1,580 
4592454000178120000;LECHE DESCREMADA ABR 24 - 0.45 TM;Food;LECHE DESCREMADA; 1,575 
4592454000258650000;Campaña 2025 - 2 -AGR. WIDOK;SUR CHICO AGRO;SULFATO DE MAGNESIO HEPTA; 1,564 
4592454000215020000;REQUERIMIENTO SOLUBLES - SETIEMBRE;SUR MEDIO AGRO;SULFATO DE ZINC; 1,560 
4592454000216850000;COTIZACION PEDIDO EXTRA SETIEMBRE;SUR MEDIO AGRO;UREA; 1,560 
4592454000216450000;8200-YE_SETIEMBRE_MEQUIM;Equipos;EQUIPOS DE ALMACENAMIENTO; 1,560 
4592454000199960000;HIDROXIDO DE POTASIO;Food;HIDROXIDO DE POTASIO; 1,550 
4592454000171870000;Leche descremada;Food;LECHE DESCREMADA; 1,550 
4592454000235460000;SUERO DE LECHE - LECHE ENTERA;Food;SUERO DE LECHE; 1,536 
4592454000206440000;FERTI SAN FELIPE;SUR MEDIO AGRO;ACIDO FOSFORICO TG; 1,530 
4592454000285310000;Req. Julio . - Agr. Santa Lucía/Doña Luisa;SUR CHICO AGRO;NPK GRANULADO; 1,530 
4592454000213350000;requerimiento de solubles - octubre;SUR GRANDE AGRO;UREA; 1,530 
4592454000289670000;REQ - 0008;SUR MEDIO AGRO;UREA; 1,530 
4592454000225000000;cotizacion nov - dic;SUR MEDIO AGRO;SULFATO DE MAGNESIO HEPTA; 1,512 
4592454000216770000;ACIDO ACETICO - ENERO- 1.71 TM - UNIVERSAL CHEMICAL'S S.A.C. ( IMPORTACIÓN;Textil;ACIDO ACETICO TG; 1,505 
4592454000216770000;ACIDO ACETICO - FEBRERO- 1.71 TM - UNIVERSAL CHEMICAL'S S.A.C. ( IMPORTACIÓN);Textil;ACIDO ACETICO TG; 1,505 
4592454000199030000;CENTOPLEX H0 E ISOFLEX LDS 18_CONSUMO_FILASUR;Kluber Liviano;KL OTROS; 1,500 
4592454000285400000;KLUBERPLEX BEM 41-132 (1 ENVASE = 370 GRS)_SYNTHEC;Kluber Liviano;KL OTROS; 1,500 
4592454000209180000;Req. Mensual LOMA VERDE;NORTE CHICO AGRO;ACIDO FOSFORICO FG; 1,500 
4592454000213720000;PALLET 4 CIL_SETIEMBRE_MEQUIM;Kluber Liviano;EQUIPOS DE ALMACENAMIENTO; 1,480 
4592454000213720000;PALLET 4 CIL_SETIEMBRE_MEQUIM;Kluber Liviano;EQUIPOS DE ALMACENAMIENTO; 1,480 
4592454000256210000;Licitación Abr. May. Jun. - FRUCHINCHA;SUR CHICO AGRO;SULFATO DE AMONIO ESTANDAR; 1,473 
4592454000262510000;Propuesta MANUCHAR PERÚ -;CENTRO;ACIDO FOSFORICO FG; 1,472 
4592454000256210000;Licitación Abr. May. Jun. - FRUCHINCHA;SUR CHICO AGRO;NITRATO DE CALCIO GRANULAR; 1,458 
4592454000261360000;SOLUBLES ACTUALIZACIÓN DE PRECIO;NORTE MEDIO AGRO;FOSFATO MONOPOTASICO; 1,450 
4592454000226960000;COTIZACION NOVIEMBRE;SUR MEDIO AGRO;UREA; 1,431 
4592454000291940000;COTIZACION AGOSTO;SUR MEDIO AGRO;NITRATO DE AMONIO; 1,428 
4592454000220730000;CONSUMO STABURAGS NBU 12 K_PRECOTEX;Kluber Liviano;KL TEXTIL; 1,425 
4592454000275330000;Licitacion anual;SUR MEDIO AGRO;ACIDO FOSFORICO FG; 1,424 
4592454000291940000;COTIZACION AGOSTO;SUR MEDIO AGRO;NITRATO DE CALCIO GRANULAR; 1,406 
4592454000268320000;1 TM GELATINA 200 KG COLAGENO;Food;COLAGENO HIDROLIZADO; 1,400 
4592454000166320000;CITRICO;Food;ACIDO ACETICO FG; 1,350 
4592454000215020000;REQUERIMIENTO SOLUBLES - SETIEMBRE;SUR MEDIO AGRO;NITRATO DE CALCIO SOLUBLE; 1,350 
4592454000173670000;Mix fertilizantes - MARZO;CENTRO;NITRATO DE CALCIO SOLUBLE; 1,320 
4592454000160470000;ANTISALMONELICO SALCAP 1BIM-2024;Feed;ANTISALMONELA LIQUIDA; 1,320 
4592454000211100000;CTH 260_SETIEMBRE_TEGOYOS;Kluber Liviano;KL TEXTIL; 1,300 
4592454000247830000;SOLUBLES ENERO;NORTE MEDIO AGRO;FOSFATO MONOAMONICO SOLUBLE; 1,300 
4592454000207520000;KLUBER SUMMIT RHT-68 (1 TAM = 208 LTR);Kluber Liviano;KL COMPRESORES; 1,290 
4592454000214030000;KLUBERTEMP HM 83-402_SETIEMBRE_SYNTHEC;Kluber Liviano;KL OTROS; 1,289 
4592454000226380000;cotizacion 2 semestre;SUR MEDIO AGRO;FOSFATO DIAMONICO; 1,275 
4592454000207490000;RHT-68 PROYECTO KLUBER;Pesca;KL COMPRESORES; 1,269 
4592454000212150000;ISOFLEX LDS 18_SETIEMBRE_DYS;Kluber Liviano;KL OTROS; 1,260 
4592454000435040000;Klübersynth UH1 14-31;Mantenimiento;KL ALIMENT Y BEBID; 1,260 
4592454000165280000;UNISILKON L 250 L_NESTLE_2024;Kluber Liviano;KL OTROS; 1,250 
4592454000249940000;Req. Febrero - AGRÍCOLA ARONA;SUR CHICO AGRO;FOSFATO MONOAMONICO SOLUBLE; 1,250 
4592454000237670000;SUERO DE LECHE PROYECTO;Food;SUERO DE LECHE; 1,250 
4592454000174930000;BARRIERTA L 55/2 (1 POTE = 1 KG);Kluber Liviano;KL ALIMENT Y BEBID; 1,250 
4592454000173690000;KLUBER SUMMIT RHT-68_AGROHIDRO E.I.R.L.;Kluber Liviano;KL COMPRESORES; 1,248 
4592454000199530000;RHT 68 JUNIO;Kluber Liviano;KL COMPRESORES; 1,240 
4592454000213640000;BHP 72-102 / ALTERNATIVO _SETIEMBRE_SEMAG;Kluber Liviano;KL OTROS; 1,240 
4592454000296160000;KLUEBEROIL 4 UH1-460 N - planta zarate;Kluber Liviano;KL ALIMENT Y BEBID; 1,200 
4592454000255080000;1350-YE WHEELED SPILL KIT_ PROSAC_MARZO;Equipos;EQUIPOS ENPAC OTROS; 1,200 
4592454000285620000;ACEITE ISO 220 MEZCLA DE SINTÉTICOS;Kluber Liviano;KL ALIMENT Y BEBID; 1,200 
4592454000185240000;KLUBERSYNTH_MAYO_GLORIA;Kluber Liviano;KL ALIMENT Y BEBID; 1,200 
4592454000173470000;Solubles marzo;SUR GRANDE AGRO;FOSFATO MONOAMONICO SOLUBLE; 1,200 
4592454000216040000;KLUBERSYNTH 100 KV (1 BID = 20 KGS)_SETIEMBRE_FABRILCO;Kluber Liviano;KL OTROS; 1,200 
4592454000181630000;UREA FOSFATO - AGROLATINA;SUR MEDIO AGRO;UREA FOSFATO; 1,180 
4592454000252860000;Req. FEB II. - Agr. Santa Lucía/Doña Luisa;SUR CHICO AGRO;SULFATO DE POTASIO GRANULAR; 1,160 
4592454000159690000;COMPRESORES FRIO - KLUBER RHT 68;Kluber Liviano;KL COMPRESORES; 1,154 
4592454000206580000;SOLUBLES - AGOSTO;CENTRO;SULFATO DE MAGNESIO HEPTA; 1,150 
4592454000261360000;SOLUBLES ACTUALIZACIÓN DE PRECIO;NORTE MEDIO AGRO;FOSFATO MONOAMONICO SOLUBLE; 1,150 
4592454000251420000;REQ FEB- AGR. SAN PABLO Y SAN PABLITO S.A.C.;SUR CHICO AGRO;SULFATO DE MAGNESIO MONO; 1,144 
4592454000183910000;KLUBER SUMMIT HYSYN FG 100_BRAEDT;Kluber Liviano;KL ALIMENT Y BEBID; 1,140 
4592454000291940000;COTIZACION AGOSTO;SUR MEDIO AGRO;NPK GRANULADO; 1,131 
4592454000268140000;COTIZACION DE MAYO;SUR MEDIO AGRO;SULFATO DE ZINC; 1,125 
4592454000238270000;COTIZACION POS COSECHA;SUR MEDIO AGRO;ACIDO FOSFORICO TG; 1,125 
4592454000175200000;Klüberfood NH1 94-402_lubricador automatico_MONDELEZ;Kluber Liviano;KL ALIMENT Y BEBID; 1,120 
4592454000285310000;Req. Julio . - Agr. Santa Lucía/Doña Luisa;SUR CHICO AGRO;NITRATO DE MAGNESIO; 1,118 
4592454000209450000;BANDEJAS ENPAC_AGOSTO_MAGHIDRA;Equipos;EQUIPOS DE ALMACENAMIENTO; 1,110 
4592454000264620000;SGM + SOP;SUR GRANDE AGRO;SULFATO DE MAGNESIO HEPTA; 1,100 
4592454000209180000;Req. Mensual LOMA VERDE;NORTE CHICO AGRO;FOSFATO MONOAMONICO SOLUBLE; 1,100 
4592454000262590000;Propuesta Solumax Inicio;SUR GRANDE AGRO;NPK SOLUBLE; 1,100 
4592454000222450000;cotizacion de smg 5 TM;SUR MEDIO AGRO;SULFATO DE MAGNESIO HEPTA; 1,100 
4592454000206580000;SOLUBLES - AGOSTO;CENTRO;NITRATO DE CALCIO SOLUBLE; 1,095 
4592454000199020000;AMBLYGON TA 15/2 (1 ENVASE = 1 KG)_MOLITALIA;Kluber Liviano;KL OTROS; 1,080 
4592454000298080000;PROYECTO AISLADA 20 SACOS;Food;PROTEINA AISLADA DE SOYA; 1,060 
4592454000216770000;ACIDO ACETICO - DICIEMBRE - 1.2 TM - PROTEX S.A.C. (IMPORTACIÓN);Textil;ACIDO ACETICO TG; 1,056 
4592454000216770000;ACIDO ACETICO - ENERO- 1.2 TM - PROTEX S.A.C. (IMPORTACIÓN);Textil;ACIDO ACETICO TG; 1,056 
4592454000216770000;ACIDO ACETICO - FEBRERO- 1.2 TM - PROTEX S.A.C. (IMPORTACIÓN);Textil;ACIDO ACETICO TG; 1,056 
4592454000209180000;Req. Mensual LOMA VERDE;NORTE CHICO AGRO;NITRATO DE POTASIO SOLUBLE; 1,050 
4592454000215060000;Klüberplex BEM 41-141_SETIEMBRE_SEGUCAL;Kluber Liviano;KL OTROS; 1,050 
4592454000214780000;REQUERIMIENTO SOLUBLES SETIEMBRE;SUR MEDIO AGRO;NITRATO DE AMONIO; 1,040 
4592454000215550000;REQUERIMIENTO DE SOLUBLES OCTUBRE;SUR MEDIO AGRO;UREA; 1,040 
4592454000175200000;KLUBERSYNTH GH 6-320_REPRESENTACIONES MARTIN;Kluber Liviano;KL OTROS; 1,040 
4592454000285310000;Req. Julio . - Agr. Santa Lucía/Doña Luisa;SUR CHICO AGRO;SULFATO DE MAGNESIO HEPTA; 1,034 
4592454000206290000;SOLUBLES AGOSTO;SUR MEDIO AGRO;NITRATO DE POTASIO SOLUBLE; 1,030 
4592454000216850000;COTIZACION PEDIDO EXTRA SETIEMBRE;SUR MEDIO AGRO;NITRATO DE AMONIO; 1,030 
4592454000285360000;INSUMOS VARIOS;Food;LECHE ENTERA; 1,028 
4592454000302830000;SUM TECH FGCS-2 (1 ENV = 16KG) A CIERRE DE AÑO;Kluber Liviano;KL ALIMENT Y BEBID; 1,024 
4592454000248830000;ACEITE PARA CADENAS TEXTIL;Kluber Liviano;KL TEXTIL; 1,000 
4592454000218520000;KLUBERSYNTH UH1 6-220 (1 BID = 20 LTS)_OCTUBRE_RYLAN;Kluber Liviano;KL OTROS; 1,000 
4592454000230030000;KLUBERSYNTH UH1 6-220_NOVIEMBRE_INV ESMERALDA;Kluber Liviano;KL OTROS; 1,000 
4592454000161340000;LUBRICANTES KLUBER 2024_IQFARMA;Kluber Liviano;KL ALIMENT Y BEBID; 1,000 
4592454000166320000;CITRICO;Food;ACIDO CITRICO; 1,000 
4592454000173470000;Solubles marzo;SUR GRANDE AGRO;SULFATO DE POTASIO SOLUBLE; 995 
4592454000211310000;COLAGENO X5 SACOS;Food;COLAGENO HIDROLIZADO; 980 
4592454000215550000;REQUERIMIENTO DE SOLUBLES OCTUBRE;SUR MEDIO AGRO;ACIDO BORICO; 980 
4592454000214780000;REQUERIMIENTO SOLUBLES SETIEMBRE;SUR MEDIO AGRO;ACIDO BORICO; 980 
4592454000225000000;cotizacion nov - dic;SUR MEDIO AGRO;SULFATO DE ZINC; 975 
4592454000161380000;POTASA CAUSTICA - ENERO FEB;Pesca;HIDROXIDO DE POTASIO; 975 
4592454000230200000;LECHE DESCREMADA - DIC;Food;LECHE DESCREMADA; 963 
4592454000248180000;SUM TECH FGCS-2;Kluber Liviano;KL ALIMENT Y BEBID; 960 
4592454000238270000;COTIZACION POS COSECHA;SUR MEDIO AGRO;ACIDO CITRICO; 960 
4592454000182710000;ATENCION SULFATO MG;SUR GRANDE AGRO;SULFATO DE POTASIO SOLUBLE; 950 
4592454000255270000;COTIZACIÓN DE GRASAS Y ACEITES_ YETO_MARZO;Kluber Liviano;KL ALIMENT Y BEBID; 945 
4592454000229400000;Nitrato de Magnesio;SUR GRANDE AGRO;NITRATO DE MAGNESIO; 940 
4592454000204310000;KLUBERSYNTH UH1 14-1600 (1 POTE = 1 KG) - Pucusana;Kluber Liviano;KL ALIMENT Y BEBID; 940 
4592454000427440000;SORBITOL 1100 KG;Food;SORBITOL; 924 
4592454000202820000;MALTODEXTRINA;Food;MALTODEXTRINA; 900 
4592454000247760000;Varios Kluber - febrero;Kluber Liviano;KL ALIMENT Y BEBID; 900 
4592454000209440000;Micro Elementos Zinc Cobre Selenio;Feed;POLVO DE ZINC; 900 
4592454000248650000;LECHE DESCREMADA - 10 S. - R.C.;Food;LECHE DESCREMADA; 900 
4592454000292180000;POLIDEXTROSA;Food;POLIDEXTROSA; 900 
4592454000198510000;Atención Junio;SUR GRANDE AGRO;SULFATO DE POTASIO SOLUBLE; 885 
4592454000201900000;SOLUBLES JULIO SUIZA FOOD;SUR MEDIO AGRO;SULFATO DE MAGNESIO HEPTA; 880 
4592454000215010000;Req. Septiembre - AGRICOLA INTERANDINA;NORTE CHICO AGRO;SULFATO DE ZINC; 880 
4592454000206440000;FERTI SAN FELIPE;SUR MEDIO AGRO;NPK GRANULADO; 870 
4592454000252860000;Req. FEB II. - Agr. Santa Lucía/Doña Luisa;SUR CHICO AGRO;SULFATO DE MAGNESIO HEPTA; 858 
4592454000225000000;cotizacion noviembre wayu;SUR MEDIO AGRO;SULFATO DE ZINC; 858 
4592454000206440000;FERTI SAN FELIPE;SUR MEDIO AGRO;SULFATO DE POTASIO SOLUBLE; 855 
4592454000206290000;SOLUBLES AGOSTO;SUR MEDIO AGRO;SULFATO DE POTASIO SOLUBLE; 855 
4592454000268140000;COTIZACION DE MAYO;SUR MEDIO AGRO;SULFATO DE MAGNESIO HEPTA; 851 
4592454000209180000;Req. Mensual LOMA VERDE;NORTE CHICO AGRO;NITRATO DE AMONIO; 850 
4592454000200020000;ALMIDON DE MAIZ;Food;ALMIDON DE MAIZ; 850 
4592454000232940000;KLUBERSYNTH GEM 4-320_DICIEMBRE_SYNTHEC;Kluber Liviano;KL OTROS; 840 
4592454000247830000;SOLUBLES ENERO;NORTE MEDIO AGRO;SULFATO DE POTASIO SOLUBLE; 840 
4592454000245780000;LICITACION ANUAL 2025;SUR MEDIO AGRO;SULFATO DE POTASIO SOLUBLE; 840 
4592454000275330000;Licitacion anual;SUR MEDIO AGRO;NITRATO DE CALCIO SOLUBLE; 826 
4592454000267200000;PROYECTO SORBITOL;Food;SORBITOL; 825 
4592454000215550000;REQUERIMIENTO DE SOLUBLES OCTUBRE;SUR MEDIO AGRO;CLORURO DE POTASIO ESTANDAR; 820 
4592454000199030000;CENTOPLEX H0 E ISOFLEX LDS 18_CONSUMO_FILASUR;Kluber Liviano;KL OTROS; 816 
4592454000225000000;cotizacion noviembre;SUR MEDIO AGRO;SULFATO DE ZINC; 810 
4592454000198510000;Atención Junio;SUR GRANDE AGRO;SULFATO DE MAGNESIO HEPTA; 800 
4592454000171020000;KLUBEROIL 4 UH1-680 N_INDUSTRIAS DEL SHANUSI_2024;Kluber Liviano;KL ALIMENT Y BEBID; 800 
4592454000202770000;MALTODEXTRINA HUBEI;Food;MALTODEXTRINA; 790 
4592454000228160000;cotizacion de smg;SUR MEDIO AGRO;SULFATO DE MAGNESIO HEPTA; 780 
4592454000203290000;LECHE DESCREMADA 10 SACOS;Food;LECHE DESCREMADA; 775 
4592454000261360000;SOLUBLES ACTUALIZACIÓN DE PRECIO;NORTE MEDIO AGRO;SULFATO DE POTASIO SOLUBLE; 770 
4592454000262600000;3 tm sgm 2 nica;NORTE MEDIO AGRO;NITRATO DE CALCIO SOLUBLE; 760 
4592454000261810000;ISOFLEX NBU 15_REP. MARTIN_ABRIL;Kluber Liviano;KL OTROS; 760 
4592454000213640000;BHP 72-102 / ALTERNATIVO _SETIEMBRE_SEMAG;Kluber Liviano;KL OTROS; 760 
4592454000211100000;KIT ANTIDERRAME 95 GAL_SETIEMBRE_PROSAC;Equipos;EQUIPOS DE ALMACENAMIENTO; 750 
4592454000211100000;KIT ANTIDERRAME_SETIEMBRE_PROSAC;Equipos;EQUIPOS DE ALMACENAMIENTO; 750 
4592454000226380000;cotizacion 2 semestre;SUR MEDIO AGRO;SULFATO DE COBRE; 750 
4592454000216850000;COTIZACION PEDIDO EXTRA SETIEMBRE;SUR MEDIO AGRO;NITRATO DE MAGNESIO; 731 
4592454000275330000;Licitacion anual;SUR MEDIO AGRO;SULFATO DE POTASIO SOLUBLE; 729 
4592454000290020000;KLUBERSYNTH GE 46-1200 (1 ENVASE = 1 KG) - CONSUMO AQP;Kluber Liviano;KL OTROS; 725 
4592454000216450000;KLUBEROIL 4 UH1-220 N_SETIEMBRE_SYNTHEC;Kluber Liviano;KL OTROS; 700 
4592454000290670000;19-19-19 NPK;NORTE MEDIO AGRO;NPK SOLUBLE; 700 
4592454000226960000;COTIZACION NOVIEMBRE;SUR MEDIO AGRO;NITRATO DE CALCIO SOLUBLE; 693 
4592454000229070000;COTIZACION FERTILIZANTES;NORTE MEDIO AGRO;SULFATO DE MAGNESIO HEPTA; 690 
4592454000226380000;cotizacion noviembre;SUR MEDIO AGRO;UREA; 689 
4592454000181260000;KLUBER SUMMIT HYSYN FG 46 (1 ENVASE = 19 LTS)_PESQUERA EXALMAR;Kluber Liviano;KL ALIMENT Y BEBID; 684 
4592454000252860000;Req. FEB II. - Agr. Santa Lucía/Doña Luisa;SUR CHICO AGRO;NITRATO DE CALCIO SOLUBLE; 680 
4592454000216190000;TEXTURIZADA - GELATINA 250 KG;Food;GELATINA 280; 675 
4592454000288030000;SACOS LECHE ENTERA - AGO. - R.C.;Food;LECHE ENTERA; 675 
4592454000262600000;3 tm sgm 2 nica;NORTE MEDIO AGRO;SULFATO DE MAGNESIO HEPTA; 675 
4592454000225950000;REQUERIMIENTOS NOVIEMBRE_SACOS PISCO;Kluber Liviano;KL OTROS; 672 
4592454000173670000;Mix fertilizantes - MARZO;CENTRO;SULFATO DE MAGNESIO HEPTA; 660 
4592454000221990000;BANDEJA ENPAC_OCTUBRE_SISSO;Equipos;EQUIPOS DE ALMACENAMIENTO; 650 
4592454000207990000;BHP 72-102_AGOSTO_OREGON;Kluber Liviano;KL OTROS; 650 
4592454000238380000;Req. Enero - AGRÍCOLA COPACABANA DE CHINCHA;SUR CHICO AGRO;NITRATO DE MAGNESIO; 648 
4592454000214660000;KLUBERSYNTH GH 6-220_SETIEMBRE_LUBPRE;Kluber Liviano;KL OTROS; 640 
4592454000238270000;COTIZACION POS COSECHA;SUR MEDIO AGRO;NITRATO DE AMONIO; 636 
4592454000186430000;KLUBERSYNTH Y STABURAGS_MAYO_LUBCORP;Kluber Liviano;KL TEXTIL; 630 
4592454000285310000;Req. Julio . - Agr. Santa Lucía/Doña Luisa;SUR CHICO AGRO;ACIDO FOSFORICO TG; 625 
4592454000287830000;KLUBERPLEX AG 11-462 - ULTIMO TRIMESTRE;Kluber Liviano;KL ALIMENT Y BEBID; 624 
4592454000285310000;Req. Julio . - Agr. Santa Lucía/Doña Luisa;SUR CHICO AGRO;SULFATO DE MAGNESIO MONO; 621 
4592454000179690000;Leche descremada;Food;LECHE DESCREMADA; 620 
4592454000214780000;REQUERIMIENTO SOLUBLES SETIEMBRE;SUR MEDIO AGRO;SULFATO DE MAGNESIO HEPTA; 600 
4592454000200780000;STABURAGS NBU 8 EP_OPP_CELIMA;Kluber Liviano;KL OTROS; 600 
4592454000214000000;STRUCTOVIS BHD_SETIEMBRE_FILASUR;Kluber Liviano;KL OTROS; 600 
4592454000165480000;KLUBERSYNTH GEM 4-320 N (1BID = 20 LTS);Kluber Liviano;KP MINERIA Y CEMENTO; 600 
4592454000222010000;COTIZACION NOVIEMBRE;SUR MEDIO AGRO;SULFATO DE AMONIO ESTANDAR; 588 
4592454000170500000;BICA Y FOSFATO;Feed;FOSFATO DICALCICO 18%; 570 
4592454000222010000;COTIZACION NOVIEMBRE;SUR MEDIO AGRO;SULFATO DE MAGNESIO HEPTA; 567 
4592454000211130000;PROTEINA- GELATINA;Food;GELATINA 280; 560 
4592454000222010000;COTIZACION NOVIEMBRE;SUR MEDIO AGRO;NITRATO DE CALCIO SOLUBLE; 559 
4592454000226960000;COTIZACION NOVIEMBRE;SUR MEDIO AGRO;SULFATO DE MAGNESIO HEPTA; 546 
4592454000162950000;KLUBERSYNTH UH1 14-151_ANITA FOOD;Kluber Liviano;KL ALIMENT Y BEBID; 540 
4592454000170040000;KLUBERSYNTH GH 6-220_REPRESENTACIONES MARTIN;Kluber Liviano;KL OTROS; 520 
4592454000177700000;STABURAGS NBU 30 (1 ENVASE = 1 KG)_RICOLFI;Kluber Liviano;KL OTROS; 520 
4592454000274220000;POLYLUB HVT 50 A (1 SPRAY = 400ML);Kluber Liviano;KL ALIMENT Y BEBID; 516 
4592454000224260000;STABURAGS NBU 12/300 KP_OCTUBRE_LUBCORP;Kluber Liviano;KL OTROS; 510 
4592454000215430000;REQUERIMIENTO SOLUBLES - SETIEMBRE;SUR MEDIO AGRO;NITRATO DE AMONIO; 510 
4592454000175200000;ACEITE POLIGLICOL ALIMENTICO_MPF;Kluber Liviano;KL ALIMENT Y BEBID; 500 
4592454000238270000;COTIZACION ENERO;SUR MEDIO AGRO;SULFATO DE MAGNESIO HEPTA; 500 
4592454000207230000;KLUBERSYNTH EG 4-680 (1 ENVASE = 19 LTS);Kluber Liviano;KL OTROS; 494 
4592454000181260000;KLUBER SUMMIT HYSYN FG 100 (1 ENVASE = 19 LTS)_BUSH;Kluber Liviano;KL ALIMENT Y BEBID; 494 
4592454000213040000;BICARBONATO MALAN- 1 TM;Food;BICARBONATO DE SODIO; 490 
4592454000219750000;COTIZACION OCTUBRE;SUR MEDIO AGRO;ACIDO BORICO; 490 
4592454000176160000;MIX PROD. - ABRIL - SANTA LUCÍA;CENTRO;NITRATO DE CALCIO SOLUBLE; 481 
4592454000216450000;BANDEJAS ENPAC_SETIEMBRE_SUMITEKI;Equipos;EQUIPOS DE ALMACENAMIENTO; 480 
4592454000188400000;CENTOPLEX 3_JUNIO_FLESAN;Kluber Liviano;KL TEXTIL; 480 
4592454000170310000;PSO - LT (1 ENV = 19 LITROS)_EXALMAR;Kluber Liviano;KL OTROS; 480 
4592454000178100000;MIX PROD. ABRIL- SOC. AGR. ARONA;CENTRO;SULFATO DE POTASIO ORGANICO; 475 
4592454000226380000;cotizacion 2 semestre;SUR MEDIO AGRO;SULFATO DE POTASIO GRANULAR; 475 
4592454000163450000;STABURAGS NBU 8 EP Y MOLYB UMFT 4;Kluber Liviano;KL TEXTIL; 470 
4592454000170500000;BICA Y FOSFATO;Feed;BICARBONATO DE SODIO; 470 
4592454000210660000;PETAMO GY 193_AGOSTO_SUMIVAL;Kluber Liviano;KL OTROS; 470 
4592454000230230000;CATENERA KSB 8_NOVIEMBRE_LUBCORP;Kluber Liviano;KL OTROS; 460 
4592454000179310000;KLUBERSYNTH GH 6-220 (1 ENVASE = 20 LTS)_TK_2024;Kluber Liviano;KL OTROS; 460 
4592454000173470000;Solubles marzo;SUR GRANDE AGRO;NITRATO DE CALCIO SOLUBLE; 460 
4592454000174390000;FOSFATO DICALCICO;Feed;FOSFATO DICALCICO 18%; 458 
4592454000200900000;Algas marinas;SUR GRANDE AGRO;BIOESTIMULANTES; 450 
4592454000215550000;REQUERIMIENTO DE SOLUBLES OCTUBRE;SUR MEDIO AGRO;NITRATO DE CALCIO SOLUBLE; 450 
4592454000247830000;SOLUBLES ENERO;NORTE MEDIO AGRO;NITRATO DE CALCIO SOLUBLE; 450 
4592454000245780000;LICITACION ANUAL 2025;SUR MEDIO AGRO;NITRATO DE CALCIO SOLUBLE; 450 
4592454000205690000;STABURAGS NBU 12 K Y 12/300 KP_JULIO_PRECOTEX;Kluber Liviano;KL TEXTIL; 448 
4592454000182710000;ATENCION SULFATO MG;SUR GRANDE AGRO;NITRATO DE CALCIO SOLUBLE; 440 
4592454000259570000;Req.Abril. - Agr. Santa Lucía/Doña Luisa;SUR CHICO AGRO;SULFATO DE MAGNESIO HEPTA; 436 
4592454000171830000;LECHE ENTERA;Food;LECHE ENTERA; 435 
4592454000288780000;COTIZACION AGOSTO;SUR MEDIO AGRO;NITRATO DE MAGNESIO; 430 
4592454000170570000;CLORURO DE AMONIO - MAR24 - 500KG - 850/TM - US CHEMICAL PERU S.A.C.;Químicos;CLORURO DE AMONIO; 425 
4592454000206290000;SOLUBLES AGOSTO;SUR MEDIO AGRO;NITRATO DE MAGNESIO; 420 
4592454000179130000;ISOFLEX TOPAS L 32 N (1 ENVASE = 1 KG);Kluber Liviano;KL OTROS; 420 
4592454000226960000;COTIZACION NOVIEMBRE;SUR MEDIO AGRO;SULFATO DE COBRE; 420 
4592454000285360000;INSUMOS VARIOS;Food;MALTODEXTRINA; 415 
4592454000177900000;DEXTROSA;Food;DEXTROSA; 405 
4592454000215550000;REQUERIMIENTO DE SOLUBLES OCTUBRE;SUR MEDIO AGRO;SULFATO DE MAGNESIO HEPTA; 400 
4592454000209180000;Req. Mensual LOMA VERDE;NORTE CHICO AGRO;NITRATO DE MAGNESIO; 400 
4592454000219870000;PALLETS ANTIDERRAME ENPAC_OCTUBRE_MG INVERSIONES;Equipos;EQUIPOS DE ALMACENAMIENTO; 400 
4592454000221990000;cotizacion noviembre;SUR MEDIO AGRO;SULFATO DE MAGNESIO HEPTA; 399 
4592454000180190000;OXIDO DE MAGNESIO AREQUIPA;Feed;OXIDO DE MAGNESIO; 395 
4592454000215060000;8200-YE_SETIEMBRE_SISSO;Equipos;EQUIPOS DE ALMACENAMIENTO; 390 
4592454000215550000;REQUERIMIENTO DE SOLUBLES OCTUBRE;SUR MEDIO AGRO;SULFATO DE ZINC; 390 
4592454000231720000;Productos vencidos BH Terra;SUR GRANDE AGRO;MICRONUTRIENTES; 390 
4592454000213750000;requerimiento setiembre;CENTRO;NITRATO DE MAGNESIO; 380 
4592454000170930000;HOTEMP PLUS (1 BID = 5 LTS);Kluber Liviano;KL TEXTIL; 380 
4592454000206440000;FERTI SAN FELIPE;SUR MEDIO AGRO;NITRATO DE CALCIO SOLUBLE; 370 
4592454000275330000;Licitacion anual;SUR MEDIO AGRO;NITRATO DE CALCIO SOLUBLE; 366 
4592454000259570000;Req.Abril. - Agr. Santa Lucía/Doña Luisa;SUR CHICO AGRO;NITRATO DE CALCIO SOLUBLE; 360 
4592454000261360000;SOLUBLES ACTUALIZACIÓN DE PRECIO;NORTE MEDIO AGRO;NITRATO DE CALCIO SOLUBLE; 360 
4592454000211100000;REQUERIMIENTOS KLUBER_SETIEMBRE;Kluber Liviano;KL OTROS; 355 
4592454000200140000;CONTENEDOR ENPAC_JUNIO_PROSAC;Equipos;EQUIPOS DE ALMACENAMIENTO; 350 
4592454000209180000;Req. Mensual LOMA VERDE;NORTE CHICO AGRO;NITRATO DE CALCIO SOLUBLE; 350 
4592454000238270000;COTIZACION POS COSECHA;SUR MEDIO AGRO;ACIDO BORICO; 343 
4592454000221990000;cotizacion noviembre;SUR MEDIO AGRO;ACIDO BORICO; 343 
4592454000237650000;REQ MKP urg. - COPACABANA;SUR CHICO AGRO;FOSFATO MONOPOTASICO; 330 
4592454000262510000;Propuesta MANUCHAR PERÚ -;CENTRO;NITRATO DE CALCIO SOLUBLE; 330 
4592454000274970000;AC.MALICO JUNIO;Food;ACIDO MALICO; 330 
4592454000219750000;COTIZACION OCTUBRE;SUR MEDIO AGRO;FOSFATO MONOAMONICO SOLUBLE; 320 
4592454000230230000;1259-YE 50GAL_NOVIEMBRE_MG;Equipos;EQUIPOS DE ALMACENAMIENTO; 320 
4592454000217710000;SCOOTER ENPAC_SISSO;Equipos;EQUIPOS DE ALMACENAMIENTO; 320 
4592454000214000000;STABURAGS NBU 12/300 KP_SETIEMBRE_FILASUR;Kluber Liviano;KL OTROS; 302 
4592454000239710000;PARALIQ GTE 703_ENERO_LINDLEY;Kluber Liviano;KL OTROS; 300 
4592454000209440000;Micro Elementos Zinc Cobre Selenio;Feed;POLVO DE COBRE; 300 
4592454000178330000;PARALIQ GA 3400 (1 ENVASE = 1 KG)_LECHE GLORIA;Kluber Liviano;KL ALIMENT Y BEBID; 300 
4592454000225000000;cotizacion nov - dic;SUR MEDIO AGRO;ACIDO BORICO; 294 
4592454000206440000;FERTI SAN FELIPE;SUR MEDIO AGRO;SULFATO DE AMONIO ESTANDAR; 290 
4592454000212860000;STABURAGS NBU 12 MF_SETIEMBRE_TEXTIMAX;Equipos;KL OTROS; 290 
4592454000231770000;BRILLANT L2 - DICIEMBRE;Pesca;GLASEANTE; 280 
4592454000199520000;KLUBERLUB BE 41-542 (1 ENV. = 1 KGS) - Julio;Kluber Liviano;KL OTROS; 280 
4592454000274220000;KLUBEROIL 4 UH1-1500 SPRAY N (1 Spray = 400ML);Kluber Liviano;KL ALIMENT Y BEBID; 280 
4592454000183500000;PETAMO GHY 133 N (1 POTE = 1 KGS)_MAYO_YMATEX;Kluber Liviano;KL OTROS; 280 
4592454000255270000;COTIZACIÓN DE GRASAS Y ACEITES_ YETO_MARZO;Kluber Liviano;KL ALIMENT Y BEBID; 280 
4592454000216450000;1230_SETIEMBRE_HAGEMSA;Equipos;EQUIPOS DE ALMACENAMIENTO; 280 
4592454000281620000;BICARBONATO DE SODIO - RYR QUIMICOS - JULIO;Textil;BICARBONATO DE SODIO; 275 
4592454000206700000;KITS ENPAC_AGOSTO_MEQUIM;Equipos;EQUIPOS DE ALMACENAMIENTO; 260 
4592454000260740000;MICROLUBRE GB 00 _POLINOMIO_MARZO;Kluber Liviano;KL OTROS; 260 
4592454000259670000;ISOFLEX NBU 15_MECANICA SAN MIGUEL;Kluber Liviano;KL OTROS; 250 
4592454000235930000;SODA CAUSTICA (escamas) | DIC 2024;Food;SODA CAUSTICA ESCAMAS; 250 
4592454000173470000;Solubles marzo;SUR GRANDE AGRO;SULFATO DE MAGNESIO HEPTA; 250 
4592454000275330000;Licitacion anual;SUR MEDIO AGRO;ACIDO FOSFORICO FG; 246 
4592454000220250000;LICITACION FDO LA ESPERANZA;SUR MEDIO AGRO;ACIDO BORICO; 245 
4592454000180040000;STABURAGS NBU 12 MF (1 ENVASE = 1 KGS)_SEFREL;Kluber Liviano;KL OTROS; 240 
4592454000247830000;SOLUBLES ENERO;NORTE MEDIO AGRO;SULFATO DE MAGNESIO HEPTA; 240 
4592454000245780000;LICITACION ANUAL 2025;SUR MEDIO AGRO;SULFATO DE MAGNESIO HEPTA; 240 
4592454000182710000;ATENCION SULFATO MG;SUR GRANDE AGRO;SULFATO DE MAGNESIO HEPTA; 240 
4592454000223430000;ISOFLEX TOPAS NB52_OCTUBRE_CADIVE;Equipos;KL OTROS; 230 
4592454000283040000;KP_JUL_LA SIRENA_ISPFLEX TOPAS NB52;Kluber Pesado;KP MINERIA Y CEMENTO; 230 
4592454000216190000;TEXTURIZADA - GELATINA 250 KG;Food;PROTEINA TEXTURIZADA DE SOYA; 225 
4592454000213350000;requerimiento de solubles - octubre;SUR GRANDE AGRO;NITRATO DE MAGNESIO; 225 
4592454000236060000;ISOFLEX NBU 15_DICIEMBRE_CADIVE;Kluber Liviano;KL OTROS; 220 
4592454000261360000;SOLUBLES ACTUALIZACIÓN DE PRECIO;NORTE MEDIO AGRO;SULFATO DE MAGNESIO HEPTA; 220 
4592454000255270000;COTIZACIÓN DE GRASAS Y ACEITES_ YETO_MARZO;Kluber Liviano;KL ALIMENT Y BEBID; 216 
4592454000230200000;LECHE DESCREMADA - DIC;Food;MALTODEXTRINA; 213 
4592454000206290000;SOLUBLES AGOSTO;SUR MEDIO AGRO;SULFATO DE MAGNESIO HEPTA; 210 
4592454000206440000;FERTI SAN FELIPE;SUR MEDIO AGRO;SULFATO DE MAGNESIO HEPTA; 210 
4592454000177700000;CENTOPLEX 3 (1 BID = 1 KG)_SMI;Kluber Liviano;KL OTROS; 210 
4592454000200140000;CONTENEDOR ENPAC_JUNIO_PROSAC;Equipos;EQUIPOS DE ALMACENAMIENTO; 200 
4592454000210280000;ISOFLEX Y STABURAGS_AGOSTO_CROMOTEX;Kluber Liviano;KL OTROS; 200 
4592454000165570000;GRASAS KLUBER NLGI 1;Kluber Liviano;KL ALIMENT Y BEBID; 200 
4592454000268330000;STABURAGS N 12 MF_LINDE;Kluber Liviano;KL OTROS; 200 
4592454000223310000;KLUBERFOOD Y PARALIQ_OCTUBRE_CORSO;Kluber Liviano;KL OTROS; 200 
4592454000254910000;HOTEMP PLUS (1 BID = 5 LTS);Kluber Liviano;KL TEXTIL; 200 
4592454000225000000;cotizacion noviembre;SUR MEDIO AGRO;ACIDO BORICO; 196 
4592454000262510000;Propuesta MANUCHAR PERÚ -;CENTRO;SULFATO DE MAGNESIO HEPTA; 195 
4592454000225000000;cotizacion nov - dic;SUR MEDIO AGRO;SULFATO FERRICO; 193 
4592454000274220000;KLUBEROIL 4 UH1-1500 SPRAY N;Kluber Liviano;KL ALIMENT Y BEBID; 192 
4592454000215430000;REQUERIMIENTO SOLUBLES - SETIEMBRE;SUR MEDIO AGRO;NITRATO DE MAGNESIO; 190 
4592454000175100000;Microlementos;SUR GRANDE AGRO;INHIBIDORES; 180 
4592454000290680000;REQ 08 AGOSTO;SUR MEDIO AGRO;NITRATO DE CALCIO SOLUBLE; 177 
4592454000202950000;PETAMO GY 193_JULIO_LUBCORP;Kluber Liviano;KL TEXTIL; 166 
4592454000206700000;KITS ENPAC_AGOSTO_MEQUIM;Equipos;EQUIPOS DE ALMACENAMIENTO; 165 
4592454000206630000;KITS 1302 Y 1312_AGOSTO_MEQUIM;Equipos;KL OTROS; 165 
4592454000435860000;GELATINA;Food;GELATINA 280; 153 
4592454000210850000;Propuesta- CYNARA;SUR CHICO AGRO;MICRONUTRIENTES; 150 
4592454000184800000;KLUBER LIVIANO_MAYO_FIXMORT;Kluber Liviano;KL OTROS; 140 
4592454000212340000;STABURAGS NBU 12/300 KP_SETIEMBRE_FILASUR;Kluber Liviano;KL OTROS; 140 
4592454000208370000;KLUBERSYNTH UH1 14-222_AGOSTO_DUCASSE;Kluber Liviano;KL ALIMENT Y BEBID; 130 
4592454000256210000;ISOFLEX TOPAS NB52 (SPRAY) _PAC ENERGY_MARZO;Kluber Liviano;KL OTROS; 130 
4592454000215060000;8200-YE_SETIEMBRE_FACIL INSUMOS;Equipos;EQUIPOS DE ALMACENAMIENTO; 130 
4592454000208370000;KLUBERSYNTH UH1 14-222_AGOSTO_3A INDUSTRIAL;Kluber Liviano;KL OTROS; 130 
4592454000258650000;Campaña 2025 - 2 -AGR. WIDOK;SUR CHICO AGRO;NPK GRANULADO; 129 
4592454000213350000;requerimiento de solubles - octubre;SUR GRANDE AGRO;SULFATO DE MAGNESIO HEPTA; 125 
4592454000219750000;COTIZACION OCTUBRE;SUR MEDIO AGRO;SULFATO FERRICO; 124 
4592454000210280000;ISOFLEX Y STABURAGS_AGOSTO_CROMOTEX;Kluber Liviano;KL OTROS; 122 
4592454000207500000;STABURAGS NBU 12_AGOSTO_SAN RAMON;Equipos;KL OTROS; 120 
4592454000184800000;KLUBER LIVIANO_MAYO_FIXMORT;Kluber Liviano;KL OTROS; 120 
4592454000290680000;REQ 08 AGOSTO;SUR MEDIO AGRO;SULFATO DE MAGNESIO HEPTA; 120 
4592454000210280000;ISOFLEX Y STABURAGS_AGOSTO_CROMOTEX;Kluber Liviano;KL OTROS; 117 
4592454000218380000;CENTOPLEX GLP 500_OCTUBRE_TECLUB;Kluber Liviano;KL OTROS; 116 
4592454000219750000;COTIZACION OCTUBRE;SUR MEDIO AGRO;NITRATO DE CALCIO SOLUBLE; 113 
4592454000210850000;Propuesta- CYNARA;SUR CHICO AGRO;MACRONUTRIENTES; 112 
4592454000229660000;KLUBERPLEX AG 11-462 (1 SPRAY = 400ML) - Arequipa;Kluber Liviano;KL OTROS; 100 
4592454000228100000;OVERPACK 20 Y 30 GAL_NOVIEMBRE_ALTURAS;Equipos;EQUIPOS DE ALMACENAMIENTO; 100 
4592454000186430000;KLUBERSYNTH Y STABURAGS_MAYO_LUBCORP;Kluber Liviano;KL TEXTIL; 100 
4592454000175100000;Deltalent Active;SUR GRANDE AGRO;INHIBIDORES; 98 
4592454000211100000;REQUERIMIENTOS KLUBER_SETIEMBRE;Kluber Liviano;KL OTROS; 95 
4592454000206630000;KITS 1302 Y 1312_AGOSTO_MEQUIM;Equipos;KL OTROS; 91 
4592454000215550000;REQUERIMIENTO DE SOLUBLES OCTUBRE;SUR MEDIO AGRO;SULFATO FERRICO; 78 
4592454000226960000;COTIZACION NOVIEMBRE;SUR MEDIO AGRO;ACIDO FOSFORICO FG; 75 
4592454000283040000;KP_JUL_LA SIRENA_ISPFLEX TOPAS NB52;Kluber Pesado;KP MINERIA Y CEMENTO; 67 
4592454000223430000;ISOFLEX TOPAS NB52_OCTUBRE_CADIVE;Equipos;KL OTROS; 65 
4592454000226440000;PROPUESTA - NOV - RC;Food;DEXTROSA; 64 
4592454000211100000;REQUERIMIENTOS KLUBER_SETIEMBRE;Kluber Liviano;KL OTROS; 64 
4592454000238270000;COTIZACION POS COSECHA;SUR MEDIO AGRO;SULFATO DE AMONIO ESTANDAR; 62 
4592454000197390000;CARBONATO DE POTASIO AGOSTO-SETIEMBRE;Feed;CARBONATO DE POTASIO; 59 
4592454000226960000;COTIZACION NOVIEMBRE;SUR MEDIO AGRO;SULFATO DE MAGNESIO HEPTA; 52 
4592454000226440000;PROPUESTA - NOV - RC;Food;LECHE ENTERA; 45 
4592454000226440000;PROPUESTA - NOV - RC;Food;MALTODEXTRINA; 44 
4592454000226440000;PROPUESTA - NOV - RC;Food;LECHE DESCREMADA; 40 
4592454000227670000;OXIDO DE MAGNESIO - DICIEMBRE;Feed;OXIDO DE MAGNESIO; 40 
4592454000226380000;cotizacion 2 semestre;SUR MEDIO AGRO;SULFATO DE ZINC; 39 
4592454000206630000;HOTEMP 2000_AGOSTO_INCALPACA;Kluber Liviano;KL TEXTIL; 36 
4592454000206960000;ENSORB_MAYO_PROSINFER;Kluber Liviano;MATERIALES ABSORBENTES; 30 
4592454000180930000;dfghj;NORTE MEDIO AGRO;BISULFATO DE SODIO; 25 
4592454000167230000;CLORURO DE POTASIO - MAYO;Pesca;CLORURO DE POTASIO ESTANDAR; 15 
4592454000288810000;Campaña 2025 - 3 -AGR. WIDOK;SUR CHICO AGRO;FOSFATO MONOAMONICO SOLUBLE; 15 
4592454000201510000;BICARBONATO DE SODIO;Feed;BICARBONATO DE SODIO; 9 
4592454000211130000;TRIPOLIFOSFATO 2 TM;Food;TRIPOLIFOSFATO DE SODIO FG; 4 
4592454000226440000;PROPUESTA - NOV - RC;Food;SUERO DE LECHE; 3 
4592454000215360000;PROTEINA CONCENTRADA Y TEXTURIZADA;Food;PROTEINA CONCENTRADA DE SOYA; 3 
4592454000165730000;MIX FEB-MAR;CENTRO;NITRATO DE CALCIO SOLUBLE; 1 
